category,text,source
Choice of Law / Jurisdiction,"by creating a tinder account or by using the tinder imessage app ( `` tinder stacks '' ) , whether through a mobile device , mobile application or computer ( collectively , the `` service '' ) you agree to be bound by ( i ) these terms of use , ( ii ) our privacy policy and safety tips , each of which is incorporated by reference into this agreement , and ( iii ) any terms disclosed and agreed to by you if you purchase additional features , products or services we offer on the service ( collectively , this `` agreement '' ) .",LexGLUE_UnfairToS
Content Removal,we may make changes to this agreement and to the services from time to time .,LexGLUE_UnfairToS
Content Removal,"the most recent version of this agreement will be posted on the services under settings and also on gotinder.com , and you should regularly check for the most recent version .",LexGLUE_UnfairToS
Choice of Law / Jurisdiction,"if you continue to use the services after the changes become effective , then you agree to the revised agreement .",LexGLUE_UnfairToS
Contract Termination,"this means we may add new product features or enhancements from time to time as well as remove some features , and if these actions do not materially affect your rights or obligations , we may not provide you with notice before taking them.we may even suspend the services entirely , in which event we will notify you in advance unless extenuating circumstances , such as safety or security concerns , prevent us from doing so .",LexGLUE_UnfairToS
Unilateral Change,tinder may terminate your account at any time without notice if it believes that you have violated this agreement .,LexGLUE_UnfairToS
Limitation of Liability,"though tinder strives to encourage a respectful user experience through features like the double opt-in that only allows users to communicate if they have both indicated interest in one another , it is not responsible for the conduct of any user on or off of the services .",LexGLUE_UnfairToS
Unilateral Change,"the company may investigate and take any available legal action in response to illegal and / or unauthorized uses of the service , including termination of your account .",LexGLUE_UnfairToS
Contract Termination,"we may delete any content , in whole or in part , that in our sole judgment violates this agreement or may harm the reputation of the service .",LexGLUE_UnfairToS
Unilateral Change,"if we feel that your behavior towards any of our customer care representatives or other employees is at any time threatening or offensive , we reserve the right to immediately terminate your account .",LexGLUE_UnfairToS
Unilateral Change,"tinder reserves the right to investigate and / or terminate your account without a refund of any purchases if you have misused the service or behaved in a way that tinder regards as inappropriate or unlawful , including actions or communications that occur off the service but involve users you meet through the service .",LexGLUE_UnfairToS
Contract Termination,"although tinder reserves the right to review and remove content that violates this agreement , such content is the sole responsibility of the user who posts it , and tinder can not guarantee that all content will comply with this agreement .",LexGLUE_UnfairToS
Unilateral Change,"if you initiate a chargeback or otherwise reverse a payment made with your payment method , tinder may terminate your account immediately in its sole discretion .",LexGLUE_UnfairToS
Contract Termination,"virtual items do not incur fees for non-use , however , the license granted to you in virtual items will terminate in accordance with the terms of this agreement , when tinder ceases providing the service or your account is otherwise closed or terminated .",LexGLUE_UnfairToS
Content Removal,"tinder , in its sole discretion , reserves the right to charge fees for the right to access or use virtual items and / or may distribute virtual items with or without charge .",LexGLUE_UnfairToS
Content Removal,"tinder may manage , regulate , control , modify or eliminate virtual items at any time .",LexGLUE_UnfairToS
Limitation of Liability,tinder shall have no liability to you or any third party in the event that tinder exercises any such rights .,LexGLUE_UnfairToS
Choice of Law / Jurisdiction,the provision of virtual items for use in the service is a service provided by tinder that commences immediately upon the acceptance of your purchase of such virtual items .,LexGLUE_UnfairToS
Limitation of Liability,"you acknowledge that tinder is not required to provide a refund for any reason , and that you will not receive money or other compensation for unused virtual items when an account is closed , whether such closure was voluntary or involuntary .",LexGLUE_UnfairToS
Limitation of Liability,"tinder does not represent or warrant that ( a ) the service will be uninterrupted , secure or error free , ( b ) any defects or errors in the service will be corrected , or ( c ) that any content or information you obtain on or through the services will be accurate .",LexGLUE_UnfairToS
Limitation of Liability,"tinder takes no responsibility for any content that you or another user or third party posts , sends or receives through the services .",LexGLUE_UnfairToS
Limitation of Liability,tinder is not responsible or liable for such third parties ' terms or actions .,LexGLUE_UnfairToS
Limitation of Liability,"to the fullest extent permitted by applicable law , in no event will tinder , its affiliates , employees , licensors or service providers be liable for any indirect , consequential , exemplary , incidental , special or punitive damages , including , without limitation , loss of profits , whether incurred directly or indirectly , or any loss of data , use , goodwill , or other intangible losses , resulting from : ( i ) your access to or use of or inability to access or use the services , ( ii ) the conduct or content of other users or third parties on , through , or following use of the services ; or ( iii ) unauthorized access , use or alteration of your content , even if tinder has been advised of the possibility of such damages .",LexGLUE_UnfairToS
Limitation of Liability,"in no event will tinder 's aggregate liability to you for all claims relating to the service exceed the amount paid , if any , by you to tinder for the service while you have an account .",LexGLUE_UnfairToS
Exclusion of Liability,the exclusive means of resolving any dispute or claim arising out of or relating to this agreement ( including any alleged breach thereof ) or the service shall be binding arbitration administered by the american arbitration association under the consumer arbitration rules .,LexGLUE_UnfairToS
Choice of Law / Jurisdiction,"by using the service in any manner , you agree to the above arbitration agreement .",LexGLUE_UnfairToS
Unilateral Termination,"in the event that this arbitration agreement is for any reason held to be unenforceable , any litigation against the company ( except for small-claims court actions ) may be commenced only in the federal or state courts located in dallas county , texas .",LexGLUE_UnfairToS
Arbitration,"this agreement , and any dispute between you and the company , shall be governed by the laws of the state of texas without regard to principles of conflicts of law , provided that this arbitration agreement shall be governed by the federal arbitration act .",LexGLUE_UnfairToS
Arbitration,"for users residing in the eu or european economic area or elsewhere where our arbitration agreement is prohibited by law , the laws of texas , u.s.a. , excluding texas 's conflict of laws rules , will apply to any disputes arising out of or relating to this agreement or the services .",LexGLUE_UnfairToS
Choice of Law / Jurisdiction,when you ( `` you '' ) sign up with betterpoints.uk you agree to all of the terms and conditions of this agreement ( `` agreement '' ) .,LexGLUE_UnfairToS
Unilateral Change,"your right to use the service is subject to any limitations , conditions and restrictions established by us from time to time , in our sole discretion .",LexGLUE_UnfairToS
Content Removal,"we may alter , suspend or discontinue any aspect of the service at any time , including the availability of any service feature , database or content .",LexGLUE_UnfairToS
Content Removal,we may also impose limits on certain features and aspects of the service or restrict your access to parts or all of the service without notice or liability .,LexGLUE_UnfairToS
Unilateral Change,"if your account is seen to be dormant ( showing no transactions ) for 18 months or more , we reserve the right to terminate your account .",LexGLUE_UnfairToS
Limitation of Liability,"we expressly exclude , to the fullest extent permitted by law , all liability of betterpoints.uk , its directors , employees or other representatives , howsoever arising , for any loss suffered as a result of your use of this website or involvement in any way with betterpoints.uk .",LexGLUE_UnfairToS
Limitation of Liability,"betterpoints.uk is also not responsible or liable for any reputational goodwill damage or loss to you through being associated with betterpoints.uk by being a member , partner , merchant or any other involvement with betterpoints.uk .",LexGLUE_UnfairToS
Contract Termination,"while we do not and can not review every message or other material posted or sent by users of the service , and are not responsible for any content of these messages or materials , we reserve the right , but are not obligated , to delete , move , or edit messages or materials , including without limitation property profiles , public postings and messages , that we , in our sole discretion , deem to violate the code of conduct set out above or any applicable content guidelines , or to be otherwise unacceptable .",LexGLUE_UnfairToS
Unilateral Change,"we may , in our sole discretion , terminate or suspend your access to all or part of the service at any time , with or without notice , for any reason , including , without limitation , breach of this agreement .",LexGLUE_UnfairToS
Unilateral Change,"without limiting the generality of the foregoing , any fraudulent , abusive , or otherwise illegal activity , or that may otherwise affect the enjoyment of the service or the internet by others may be grounds for termination of your access to all or part of the service at our sole discretion , and you may be referred to appropriate law enforcement agencies .",LexGLUE_UnfairToS
Limitation of Liability,"you acknowledge that we are not responsible for suspension of the service , regardless of the cause of the interruption or suspension .",LexGLUE_UnfairToS
Content Removal,we may discontinue or change the service or its availability to you at any time and you may stop using the service at any time .,LexGLUE_UnfairToS
Limitation of Liability,these are provided for your convenience and we are not responsible for and do not give any warranties or make any representations regarding any external links and are not responsible for or liable in relation to the content or your use of any external links .,LexGLUE_UnfairToS
Limitation of Liability,we are not responsible for and do not give any warranties or make any representations regarding any causes that are introduced and do not give any warranties and are not responsible for or liable in relation to involvement in these causes or any outcome from any involvement .,LexGLUE_UnfairToS
Limitation of Liability,"betterpoints.uk is also not responsible or liable for any reputational and goodwill damage or loss to you through being associated with betterpoints.uk by being a member , partner , merchant or any other involvement with betterpoints.uk within the area of causes .",LexGLUE_UnfairToS
Limitation of Liability,"betterpoints.uk is also not responsible or liable for any reputational and goodwill damage or loss to you through being associated with betterpoints.uk by being a member , partner , merchant or any other involvement with betterpoints.uk within the area of transfer of funds .",LexGLUE_UnfairToS
Choice of Law / Jurisdiction,"your continued use of the service now , or following the posting of notice of any changes in this agreement , will constitute a binding acceptance by you of this agreement , or any subsequent modifications .",LexGLUE_UnfairToS
Content Removal,"notification of changes in this agreement will be posted on the service or sent via electronic mail , as we may determine in our sole discretion .",LexGLUE_UnfairToS
Arbitration,this policy and consent forms part of our website terms of use and as such it shall be governed by and construed in accordance with the laws of england and wales .,LexGLUE_UnfairToS
Unilateral Termination,"you irrevocably agree that the courts of england and wales shall have exclusive jurisdiction to resolve any dispute or claim of whatever nature arising out of or relating to this policy and consent or otherwise to the use of your personal data , and that the laws of england and wales shall govern such dispute or claim .",LexGLUE_UnfairToS
Choice of Law / Jurisdiction,by accessing our site and placing an order you agreed to be bound by these terms and conditions and our terms of use policy .,LexGLUE_UnfairToS
Limitation of Liability,"subject as provided below , neither deliveroo nor any partner restaurant shall have have any liability to you for any direct , indirect , special or consequential losses or damages arising in contract , tort ( including negligence ) or otherwise arising from your use of or your inability to use our service .",LexGLUE_UnfairToS
Limitation of Liability,in the event that deliveroo or the partner restaurant is found to be liable to you our total aggregate liability is limited to the purchase price of the meals you have paid for in your order .,LexGLUE_UnfairToS
Content Removal,deliveroo may revise these terms of use at any time by amending this page .,LexGLUE_UnfairToS
Content Removal,"you are expected to check this page from time to time to take notice of any changes we make , as they are binding on you .",LexGLUE_UnfairToS
Unilateral Termination,"the english courts will have jurisdiction over any claim arising from , or related to , any use of our services .",LexGLUE_UnfairToS
Arbitration,these terms of use and any dispute or claim arising out of or in connection with them or their subject matter or formation ( including non-contractual disputes or claims ) shall be governed by and construed in accordance with the law of england and wales .,LexGLUE_UnfairToS
Choice of Law / Jurisdiction,"by accessing our site or by using our service , you indicate that you accept these terms of use and that you agree to abide by them .",LexGLUE_UnfairToS
Content Removal,"access to our site and to our service is permitted on a temporary basis , and we reserve the right to withdraw or amend access to our site or our service without notice ( see below ) .",LexGLUE_UnfairToS
Limitation of Liability,"we will not be liable if , for any reason , our site or our service is unavailable at any time or for any period .",LexGLUE_UnfairToS
Contract Termination,"generally , we do not moderate any interactive service we provide although we may remove content in contravention of these terms of use as set out in section 6 .",LexGLUE_UnfairToS
Contract Termination,"failure to comply with section 3 ( acceptable use ) and/or 5 ( content standards ) in these terms of use constitutes a material breach of the terms of use , and may result in our taking all or any of the following actions :",LexGLUE_UnfairToS
Contract Termination,"immediate , temporary or permanent withdrawal of your right to use our service ;",LexGLUE_UnfairToS
Contract Termination,"immediate , temporary or permanent removal of any posting or material uploaded by you to our service ;",LexGLUE_UnfairToS
Content Removal,"we aim to update our site and our service regularly , and may change the content at any time .",LexGLUE_UnfairToS
Limitation of Liability,"however , we will not be responsible for any errors or omissions in relation to such content or for any technical problems you may experience with our site or our service .",LexGLUE_UnfairToS
Limitation of Liability,"to the extent permitted by law , we exclude all liability ( whether arising in contract , in negligence or otherwise ) for loss or damage which you or any third party may incur in connection with our site , our service , and any website linked to our site and any materials posted on it .",LexGLUE_UnfairToS
Unilateral Termination,"the english courts will have jurisdiction over any claim arising from , or related to , a visit to our site or use of our services .",LexGLUE_UnfairToS
Content Removal,we may revise these terms of use at any time by amending this page .,LexGLUE_UnfairToS
Choice of Law / Jurisdiction,"by using or accessing the services , you agree to become bound by all the terms and conditions of this agreement .",LexGLUE_UnfairToS
Content Removal,"9gag , inc may change , suspend or discontinue the services at any time , including the availability of any feature , database , or content .",LexGLUE_UnfairToS
Limitation of Liability,"9gag , inc may also impose limits on certain features and services or restrict subscriber 's access to parts or all of the services without notice or liability .",LexGLUE_UnfairToS
Content Removal,"9gag , inc reserves the right , at its discretion , to modify these terms of service at any time by posting revised terms of service on the site and by providing notice via e-mail , where possible , or on the site .",LexGLUE_UnfairToS
Content Removal,subscriber shall be responsible for reviewing and becoming familiar with any such modifications .,LexGLUE_UnfairToS
Choice of Law / Jurisdiction,use of the services by subscriber following such modification constitutes subscriber 's acceptance of the terms and conditions of this agreement as modified .,LexGLUE_UnfairToS
Limitation of Liability,"you agree that neither 9gag , inc nor the site will be liable in any event to you or any other party for any suspension , modification , discontinuance or lack of availability of the site , the service , your subscriber content or other content .",LexGLUE_UnfairToS
Unilateral Change,"9gag , inc retains the right to create limits on use and storage in its sole discretion at any time with or without notice .",LexGLUE_UnfairToS
Contract Termination,"9gag , inc reserves the right to remove any subscriber content from the site , suspend or terminate subscriber 's right to use the services at any time , or pursue any other remedy or relief available to 9gag , inc and/or the site under equity or law , for any reason ( including , but not limited to , upon receipt of claims or allegations from third parties or authorities relating to such subscriber content or if 9gag , inc is concerned that subscriber may have breached the immediately preceding sentence ) , or for no reason at all .",LexGLUE_UnfairToS
Unilateral Change,"any fraudulent , abusive , or otherwise illegal activity or any use of the services or content in violation of this agreement may be grounds for termination of subscriber 's right to services or to access the site .",LexGLUE_UnfairToS
Limitation of Liability,"to the fullest extent allowed by law , 9gag , inc disclaims any liability or responsibility for the accuracy , reliability , availability , completeness , legality or operability of the material or services provided on this site .",LexGLUE_UnfairToS
Limitation of Liability,"by using this site , you acknowledge that 9gag , inc is not responsible or liable for any harm resulting from ( 1 ) use of the site ; ( 2 ) downloading information contained on the site including but not limited to downloads of content posted by subscribers ; ( 3 ) unauthorized disclosure of images , information or data that results from the upload , download or storage of content posted by subscribers ; ( 4 ) the temporary or permanent inability to access or retrieve any subscriber content from the site , including , without limitation , harm caused by viruses , worms , trojan horses , or any similar contamination or destructive program .",LexGLUE_UnfairToS
Limitation of Liability,"in no event shall 9gag , inc , its directors , officers , shareholders , employees or members be liable with respect to the site or the services for ( a ) any indirect , incidental , punitive , or consequential damages of any kind whatsoever ; ( b ) damages for loss of use , profits , data , images , subscriber content or other intangibles ; ( c ) damages for unauthorized use , non-performance of the site , errors or omissions ; or ( d ) damages related to downloading or posting content .",LexGLUE_UnfairToS
Limitation of Liability,"9gag , inc 's and the site 's collective liability under this agreement shall be limited to three hundred u.s. dollars .",LexGLUE_UnfairToS
Content Removal,"9gag , inc may modify and/or eliminate such fee-based services at its discretion .",LexGLUE_UnfairToS
Content Removal,"9gag , inc may change its prices at any time but will provide you reasonable notice of any such changes by posting the new prices on the site and by sending you email notification .",LexGLUE_UnfairToS
Unilateral Change,either party may terminate the services at any time by notifying the other party by any means .,LexGLUE_UnfairToS
Unilateral Change,"9gag , inc may also terminate or suspend any and all services and access to the site immediately , without prior notice or liability , if subscriber breaches any of the terms or conditions of this agreement .",LexGLUE_UnfairToS
Limitation of Liability,"9gag , inc shall not be liable for any failure to perform its obligations hereunder where such failure results from any cause beyond 9gag , inc 's reasonable control , including , without limitation , mechanical , electronic or communications failure or degradation .",LexGLUE_UnfairToS
Arbitration,this agreement shall be governed by and construed in accordance with the laws of the state of delaware without regard to the conflict of laws provisions thereof .,LexGLUE_UnfairToS
Contract Termination,"9gag 's intellectual property policy is to ( a ) remove material that 9gag believes in good faith , upon notice from an intellectual property owner or their agent , is infringing the intellectual property of a third party by being made available through the services , and ( b ) remove any subscriber content posted to the services by `` repeat infringers . ''",LexGLUE_UnfairToS
Unilateral Change,"9gag has discretion , however , to terminate the account of any user after receipt of a single notification of claimed infringement or upon 9gag 's own determination .",LexGLUE_UnfairToS
Content Removal,"these terms and conditions , as may be amended from time to time , apply to all our services directly or indirectly ( through distributors ) made available online , through any mobile device , by email or by telephone .",LexGLUE_UnfairToS
Choice of Law / Jurisdiction,"by accessing , browsing and using our ( mobile ) website or any of our applications through whatever platform ( hereafter collectively referred to as the `` website '' ) and/or by completing a reservation , you acknowledge and agree to have read , understood and agreed to the terms and conditions set out below ( including the privacy statement ) .",LexGLUE_UnfairToS
Arbitration,"if you are paying a reservation by credit card or debit card processed by enett international ( uk ) limited , the transaction shall be governed by the laws of england and wales , to the extent permitted by applicable laws .",LexGLUE_UnfairToS
Limitation of Liability,booking.com disclaims any liability or responsibility for any communication with the supplier on or through its platform .,LexGLUE_UnfairToS
Limitation of Liability,we are not responsible or liable for ( and have no obligation to verify ) any wrong or misspelled email address or inaccurate or wrong ( mobile ) phone number or credit card number .,LexGLUE_UnfairToS
Contract Termination,"we reserve the right to adjust , refuse or remove reviews at our sole discretion .",LexGLUE_UnfairToS
Limitation of Liability,"subject to the limitations set out in these terms and conditions and to the extent permitted by law , we shall only be liable for direct damages actually suffered , paid or incurred by you due to an attributable shortcoming of our obligations in respect to our services , up to an aggregate amount of the aggregate cost of your reservation as set out in the confirmation email ( whether for one event or series of connected events ) .",LexGLUE_UnfairToS
Limitation of Liability,"however and to the extent permitted by law , neither we nor any of our officers , directors , employees , representatives , subsidiaries , affiliated companies , distributors , affiliate ( distribution ) partners , licensees , agents or others involved in creating , sponsoring , promoting , or otherwise making available the site and its contents shall be liable for ( i ) any punitive , special , indirect or consequential loss or damages , any loss of production , loss of profit , loss of revenue , loss of contract , loss of or damage to goodwill or reputation , loss of claim , ( ii ) any inaccuracy relating to the ( descriptive ) information ( including rates , availability and ratings ) of the supplier as made available on our platform , ( iii ) the services rendered or the products offered by the supplier or other business partners , ( iv ) any ( direct , indirect , consequential or punitive ) damages , losses or costs suffered , incurred or paid by you , pursuant to , arising out of or in connection with the use , inability to use or delay of our platform , or ( v ) any ( personal ) injury , death , property damage , or other ( direct , indirect , special , consequential or punitive ) damages , losses or costs suffered , incurred or paid by you , whether due to ( legal ) acts , errors , breaches , ( gross ) negligence , willful misconduct , omissions , non-performance , misrepresentations , tort or strict liability by or ( wholly or partly ) attributable to the supplier or any of our other business partners ( including any of their employees , directors , officers , agents , representatives or affiliated companies ) whose products or service are ( directly or indirectly ) made available , offered or promoted on or through the platform , including any ( partial ) cancellation , overbooking , strike , force majeure or any other event beyond our control .",LexGLUE_UnfairToS
Contract Termination,any photo/image that does not meet the aforesaid criteria will not be posted and/or can be removed/deleted by booking.com at any time and without prior notice .,LexGLUE_UnfairToS
Arbitration,"to the extent permitted by law , these terms and conditions and the provision of our services shall be governed by and construed in accordance with dutch law and any dispute arising out of these general terms and conditions and our services shall exclusively be submitted to the competent courts in amsterdam , the netherlands .",LexGLUE_UnfairToS
Content Removal,"youtube reserves the right to make changes the terms from time to time , for example to address changes to the law or regulatory changes or changes to functionality offered through the service .",LexGLUE_UnfairToS
Content Removal,therefore you must look at the terms regularly to check for such changes .,LexGLUE_UnfairToS
Choice of Law / Jurisdiction,your continued use of the service after the date the modified terms are posted will constitute your acceptance of the modified terms .,LexGLUE_UnfairToS
Content Removal,you acknowledge and agree that the form and nature of the service which youtube provides may change from time to time without prior notice to you .,LexGLUE_UnfairToS
Unilateral Change,"5.5 as part of this continuing innovation , you acknowledge and agree that youtube may stop ( permanently or temporarily ) providing the service ( or any features within the service ) to you or to users generally at youtube 's sole discretion , without prior notice to you .",LexGLUE_UnfairToS
Limitation of Liability,5.6 you agree that you are solely responsible for ( and that youtube has no responsibility to you or to any third party for ) any breach of your obligations under the terms and for the consequences ( including any loss or damage which youtube may suffer ) of any such breach .,LexGLUE_UnfairToS
Unilateral Change,"6.2 as part of youtube 's copyright policy , youtube will terminate user access to the / service if a user has been determined to be a repeat infringer .",LexGLUE_UnfairToS
Contract Termination,"7.8 on becoming aware of any potential violation of these terms , youtube reserves the right ( but shall have no obligation ) to decide whether content complies with the content requirements set out in these terms and may remove such content and/or terminate a user 's access for uploading content which is in violation of these terms at any time , without prior notice and at its sole discretion .",LexGLUE_UnfairToS
Unilateral Change,"11.3 youtube may at any time terminate its legal agreement with you if : a.you have breached any provision of the terms ( or have acted in manner which clearly shows that you do not intend to , or are unable to comply with the provisions of the terms ) ; or b. youtube is required to do so by law ( for example , where the provision of the service to you is , or becomes , unlawful ) ; or",LexGLUE_UnfairToS
Unilateral Change,"11.4 youtube may terminate its legal agreement with you if : youtube is transitioning to no longer providing the service to users in the country in which you are resident or from which you use the service ; or the provision of the service to you by youtube is , in youtube 's opinion , no longer commercially viable and in the case of each of a and b of this clause 11.4 shall , where possible , give reasonable notice of such termination .",LexGLUE_UnfairToS
Limitation of Liability,13.2 subject to the overall provision in paragraph 13.1 above youtube shall not be liable to you for : a. any indirect or consequential losses which may be incurred by you .,LexGLUE_UnfairToS
Limitation of Liability,"this shall include ; ( i ) any loss of profit ( whether incurred directly or indirectly ) ; ( ii ) any loss of goodwill or business reputation ; ( iii ) any loss of opportunity ; or ( iv ) any loss of data suffered by you ; b.any loss or damage which may be incurred by you as a result of : i.any reliance placed by you on the completeness , accuracy or existence of any advertising , or as a result of any relationship or transaction between you and any advertiser or sponsor whose advertising appears on the service ; ii .",LexGLUE_UnfairToS
Limitation of Liability,"any changes which youtube may make to the service , or for any permanent or temporary cessation in the provision of the service ( or any features within the service ) ; iii .",LexGLUE_UnfairToS
Limitation of Liability,"the deletion of , corruption of , or failure to store , any content and other communications data maintained or transmitted by or through your use of the service ; iv .",LexGLUE_UnfairToS
Limitation of Liability,your failure to provide youtube with accurate account information ; v. your failure to keep your password or youtube account details secure and confidential .,LexGLUE_UnfairToS
Limitation of Liability,13.3 the limitations on youtube 's liability to you in paragraph 13.2 above shall apply whether or not youtube has been advised of or should have been aware of the possibility of any such losses arising .,LexGLUE_UnfairToS
Arbitration,"14.6 the terms , and your relationship with youtube under the terms , shall be governed by english law .",LexGLUE_UnfairToS
Unilateral Termination,you and youtube agree to submit to the exclusive jurisdiction of the courts of england to resolve any legal matter arising from the terms .,LexGLUE_UnfairToS
Unilateral Termination,"notwithstanding this , you agree that youtube shall still be allowed to apply for injunctive remedies ( or other equivalent types of urgent legal remedy ) in any jurisdiction .",LexGLUE_UnfairToS
Content Removal,"yahoo provides the yahoo services ( defined below ) to you subject to the following terms of service ( `` tos '' ) , which may be updated by us from time to time without notice to you .",LexGLUE_UnfairToS
Choice of Law / Jurisdiction,"by accessing and using the yahoo services , you accept and agree to be bound by the terms and provision of the tos .",LexGLUE_UnfairToS
Choice of Law / Jurisdiction,"in addition , when using particular yahoo owned or operated services , you and yahoo shall be subject to any posted guidelines or rules applicable to such services , which may be posted and modified from time to time .",LexGLUE_UnfairToS
Choice of Law / Jurisdiction,"you understand that through your use of the yahoo services you consent to the collection and use ( as set forth in the applicable privacy policy ) of this information , including the transfer of this information to the united states and/or other countries for storage , processing and use by yahoo and its affiliates .",LexGLUE_UnfairToS
Limitation of Liability,"under no circumstances will yahoo be liable in any way for any content , including , but not limited to , any errors or omissions in any content , or any loss or damage of any kind incurred as a result of the use of any content posted , emailed , transmitted or otherwise made available via the yahoo services .",LexGLUE_UnfairToS
Contract Termination,"you acknowledge that yahoo may or may not pre-screen content , but that yahoo and its designees shall have the right ( but not the obligation ) in their sole discretion to pre-screen , refuse , or remove any content that is available via the yahoo services .",LexGLUE_UnfairToS
Contract Termination,"without limiting the foregoing , yahoo and its designees shall have the right to remove any content that violates the tos or is otherwise objectionable .",LexGLUE_UnfairToS
Limitation of Liability,you agree that yahoo has no responsibility or liability for the deletion or failure to store any messages and other communications or other content maintained or transmitted by the yahoo services .,LexGLUE_UnfairToS
Unilateral Change,you acknowledge that yahoo reserves the right to log off accounts that are inactive for an extended period of time .,LexGLUE_UnfairToS
Content Removal,you further acknowledge that yahoo reserves the right to modify these general practices and limits from time to time .,LexGLUE_UnfairToS
Content Removal,"yahoo reserves the right at any time and from time to time to modify or discontinue , temporarily or permanently , the yahoo services ( or any part thereof ) with or without notice .",LexGLUE_UnfairToS
Limitation of Liability,"you agree that yahoo shall not be liable to you or to any third party for any modification , suspension or discontinuance of the yahoo services ( or any part thereof ) .",LexGLUE_UnfairToS
Unilateral Change,"you agree that yahoo may , without prior notice , immediately terminate , limit your access to or suspend your yahoo account , any associated email address , and access to the yahoo services .",LexGLUE_UnfairToS
Unilateral Change,"cause for such termination , limitation of access or suspension shall include , but not be limited to , ( a ) breaches or violations of the tos or other incorporated agreements or guidelines , ( b ) requests by law enforcement or other government agencies , ( c ) discontinuance or material modification to the yahoo services ( or any part thereof ) , ( d ) unexpected technical or security issues or problems , ( e ) extended periods of inactivity , ( f ) engagement by you in fraudulent or illegal activities , and/or ( g ) nonpayment of any fees owed by you in connection with the yahoo services .",LexGLUE_UnfairToS
Limitation of Liability,"further , you agree that all terminations , limitations of access and suspensions for cause shall be made in yahoo 's sole discretion and that yahoo shall not be liable to you or any third party for any termination of your account , any associated email address , or access to the yahoo services .",LexGLUE_UnfairToS
Contract Termination,"termination of your yahoo account includes any or all of the following : ( a ) removal of access to all or part of the offerings within the yahoo services , ( b ) deletion of your password and all related information , files and content associated with or inside your account ( or any part thereof ) , and ( c ) barring of further use of all or part of the yahoo services .",LexGLUE_UnfairToS
Limitation of Liability,"you further acknowledge and agree that yahoo shall not be responsible or liable , directly or indirectly , for any damage or loss caused or alleged to be caused by or in connection with use of or reliance on any such content , goods or services available on or through any such site or resource .",LexGLUE_UnfairToS
Limitation of Liability,"you expressly understand and agree that yahoo and its subsidiaries , affiliates , officers , employees , agents , partners and licensors shall not be liable to you for any punitive , indirect , incidental , special , consequential or exemplary damages , including , but not limited to , damages for loss of profits , goodwill , use , data or other intangible losses ( even if yahoo has been advised of the possibility of such damages ) , resulting from : ( a ) the use or the inability to use the yahoo service ; ( b ) the cost of procurement of substitute goods and services ; ( c ) unauthorized access to or alteration of your transmissions or data ; ( d ) statements or conduct of any third party on the yahoo service ; or ( e ) any other matter relating to the yahoo service .",LexGLUE_UnfairToS
Unilateral Change,"yahoo may , in appropriate circumstances and at its discretion , disable and/or terminate the accounts of users who may be repeat infringers .",LexGLUE_UnfairToS
Arbitration,"you and yahoo each agree that the tos and the relationship between the parties shall be governed by the laws of the state of california without regard to its conflict of law provisions and that any and all claims , causes of action or disputes ( regardless of theory ) arising out of or relating to the tos , or the relationship between you and yahoo , shall be brought exclusively in the courts located in the county of santa clara , california or the u.s. district court for the northern district of california .",LexGLUE_UnfairToS
Unilateral Termination,"you and yahoo agree to submit to the personal jurisdiction of the courts located within the county of santa clara , california or the northern district of california , and agree to waive any and all objections to the exercise of jurisdiction over the parties by such courts and to venue in such courts .",LexGLUE_UnfairToS
Choice of Law / Jurisdiction,"by accessing or using any of the services , you agree to be bound by these terms .",LexGLUE_UnfairToS
Choice of Law / Jurisdiction,"where other third party services are made available as part of our services , then the respective third party terms of service and privacy policy shall apply to any such use by you .",LexGLUE_UnfairToS
Unilateral Change,"notwithstanding any other remedies available to truecaller , you agree that truecaller may suspend or terminate your use of the services without notice if you use the services or the content in any prohibited manner , and that such use will be deemed a material breach of these terms .",LexGLUE_UnfairToS
Limitation of Liability,any such unmoderated content will not be covered by constitutional protection under the swedish fundamental law on freedom of expression as per the paragraph above and truecaller will not be liable for the publication of such content .,LexGLUE_UnfairToS
Limitation of Liability,you are solely liable for any content that you post or communicate directly in or on the services and you agree to only post or communicate content that :,LexGLUE_UnfairToS
Contract Termination,truecaller hereby reserves the right in its absolute discretion to remove any user generated content from the services .,LexGLUE_UnfairToS
Limitation of Liability,"such third party content , websites and services may be subject to the respective third party terms and conditions and truecaller will not be liable for any such third party content , websites or services .",LexGLUE_UnfairToS
Limitation of Liability,you understand and acknowledge that the services may be unavailable from time to time and that truecaller will not be liable for your inability to use the services for whatever reason .,LexGLUE_UnfairToS
Limitation of Liability,"to the maximum extent permitted by applicable law , you expressly agree that truecaller shall in no event be liable for any direct , indirect , special , incidental , consequential or exemplary damages , including but not limited to damages for loss of profits , data and goodwill , arising out of the use or inability to use the services or the content , even if advised of the possibility of such damages .",LexGLUE_UnfairToS
Limitation of Liability,"in particular , and without limitation , truecaller shall have no liability for any information stored or processed within the services , including the costs of recovering such information .",LexGLUE_UnfairToS
Limitation of Liability,"truecaller shall not be liable for the validity , reliability or correctness of the content and information provided through and in connection with use of the services .",LexGLUE_UnfairToS
Limitation of Liability,any use of the content and information obtained through the use of the services shall be at your own discretion and risk .,LexGLUE_UnfairToS
Content Removal,we may change the truecaller fees from time to time by posting the changes in or on the services or by notifying you in advance .,LexGLUE_UnfairToS
Unilateral Change,failure to pay these fees may result in suspension or termination of your service or subscription .,LexGLUE_UnfairToS
Unilateral Change,truecaller may terminate the terms and your use of the services at any time with thirty ( 30 ) days ' advance notice .,LexGLUE_UnfairToS
Unilateral Change,these terms will automatically terminate if you fail to comply with them .,LexGLUE_UnfairToS
Content Removal,"truecaller may change the services at any time , such as by adding or removing features or discontinuing the services .",LexGLUE_UnfairToS
Content Removal,truecaller also reserves the right to modify these terms at any time by providing revised terms to the user or by publishing the revised terms within the services .,LexGLUE_UnfairToS
Choice of Law / Jurisdiction,any continued use by you of the services following publication or notification of revised terms shall constitute your acceptance to the revised terms .,LexGLUE_UnfairToS
Arbitration,"these terms shall be governed and construed in accordance with the laws of sweden , excluding its choice of law rules .",LexGLUE_UnfairToS
Unilateral Termination,"all disputes arising out of or in connection with these terms shall be adjudicated exclusively in sweden , with the district court of stockholm as the court of first instance .",LexGLUE_UnfairToS
Content Removal,skype may need to change or withdraw the number allocated to you from time to time .,LexGLUE_UnfairToS
Exclusion of Liability,"arbitration clause and class action waiver : if you live in the usa and select pay by mobile ( see paragraph 20 ) , a binding arbitration clause and class action waiver affects your rights to resolve a dispute with skype , its corporate affiliates , or other third parties including mobile phone carriers .",LexGLUE_UnfairToS
Choice of Law / Jurisdiction,"2.1 in order to download and/or use the software , products and/or skype websites you must first accept these terms.these terms are accepted by you ( a ) when you click to accept or agree to the terms ; or ( b ) when you download and/or use the software , products and/or skype websites .",LexGLUE_UnfairToS
Content Removal,3.1 skype may make changes to these terms from time to time .,LexGLUE_UnfairToS
Choice of Law / Jurisdiction,"you understand and agree that your express acceptance of the terms or your use of the software , products and/or skype websites after the date of publication shall constitute your agreement to the updated terms .",LexGLUE_UnfairToS
Content Removal,you agree to receive such updates from skype in order to continue using the skype software and you agree to accept such updates subject to these terms .,LexGLUE_UnfairToS
Content Removal,"5.4 suspension , technical improvement and maintenance : from time to time , skype may need to perform maintenance on or upgrade the software , products or skype websites or the underlying infrastructure that enables you to use the software , products or skype websites .",LexGLUE_UnfairToS
Limitation of Liability,"you will not be entitled to claim damages for such suspension or limitation of the use of any software , product or skype website .",LexGLUE_UnfairToS
Limitation of Liability,skype will have no liability for your failed emergency call in such circumstances .,LexGLUE_UnfairToS
Contract Termination,"skype may in its sole discretion block , prevent delivery of or otherwise remove the content of communications as part of its effort to protect the software , products or its customers , or otherwise enforce these terms .",LexGLUE_UnfairToS
Contract Termination,"further , skype may in its sole discretion remove such content and/or terminate these terms and your user account if you use any content that is in breach of these terms .",LexGLUE_UnfairToS
Contract Termination,"5.8 notice and take-down if skype receives any notification that any material that you post , upload , edit , host , share and/or publish on the skype website or through the software ( excluding your private communications ) ( `` user submission '' ) is inappropriate , infringes any rights of any third party , or if skype wishes to remove your user submission for any reason whatsoever , skype reserves the right to automatically remove such user submission for any reason immediately or within such other timescales as may be decided from time to time by skype in its sole discretion .",LexGLUE_UnfairToS
Limitation of Liability,"skype takes no responsibility for any disruption , interruption or delay caused by any failure of or inadequacy in any of these items or any other items over which we have no control .",LexGLUE_UnfairToS
Content Removal,"accordingly , you acknowledge and agree that the products and functionality of the software may vary from time to time .",LexGLUE_UnfairToS
Limitation of Liability,skype takes no responsibility for your failure to comply with the obligations in this paragraph 6.1 .,LexGLUE_UnfairToS
Content Removal,skype reserves the right to revoke these exceptions at any time .,LexGLUE_UnfairToS
Content Removal,( iii ) skype may change the rates for calling phones and premium rate numbers at any time without notice to you by posting such change at www.skype.com/go/allrates .,LexGLUE_UnfairToS
Content Removal,skype may change the charges payable for the purchase of such products at any time without any notice to you .,LexGLUE_UnfairToS
Content Removal,"skype reserves the right to charge you for such products ( at the normal rate ) in the event that skype determines ( in its reasonable discretion ) that you are abusing the terms of the offer , including if you are using any service , proxy or other devices or anonymous ip address that prevents us from locating you .",LexGLUE_UnfairToS
Content Removal,skype reserves the right to remove or amend the available payment methods at its sole discretion .,LexGLUE_UnfairToS
Unilateral Change,"11.2 skype may terminate its relationship with you , or may terminate or suspend your use of the software , user account ( s ) , products or skype websites at any time and without recourse to the courts : ( a ) if you are in breach of these terms ; ( b ) if skype reasonably suspects that you are using the software , the products and/or skype websites to break the law or infringe third party rights ; ( c ) if skype reasonably suspects that you are trying to unfairly exploit or misuse the refund policy , or any of our policies ; ( d ) if skype reasonably suspects that you are using our products , software and/or skype websites fraudulently or that your user account is being used by a third party fraudulently ; ( e ) if you have purchased skype credit from an unauthorised reseller ; ( f ) in respect of a particular product , on thirty ( 30 ) days notice if skype decides to cease offering that product ; ( g ) immediately , if required due to a change in laws/regulation by a regulator or authority with a lawful mandate , or by any of skype 's partners ; ( h ) on thirty ( 30 ) days notice if skype decides to cease offering the software to users in your jurisdiction generally .",LexGLUE_UnfairToS
Unilateral Change,we reserve the right to cancel user accounts that have been inactive for more than one ( 1 ) year .,LexGLUE_UnfairToS
Limitation of Liability,"12.4 no liability : you acknowledge and agree that skype will have no liability whatsoever , whether in contract , tort ( including negligence ) or any other theory of liability , and whether or not the possibility of such damages or losses has been notified to skype , in connection with or arising from your use of skype websites , or the internet communications software or other software that is provided free of charge .",LexGLUE_UnfairToS
Limitation of Liability,"( a ) any indirect , special , incidental or consequential damages ; or",LexGLUE_UnfairToS
Limitation of Liability,"( b ) any loss of income , business , actual or anticipated profits , opportunity , goodwill or reputation ( whether direct or indirect ) ; or",LexGLUE_UnfairToS
Limitation of Liability,( c ) any damage to or corruption of data ( whether direct or indirect ) ;,LexGLUE_UnfairToS
Limitation of Liability,"( d ) any claim , damage or loss ( whether direct or indirect ) arising from or relating to :",LexGLUE_UnfairToS
Limitation of Liability,( i ) your inability to use the software to contact emergency services ;,LexGLUE_UnfairToS
Limitation of Liability,( ii ) your failure to make additional arrangements to access emergency services in accordance with paragraph 5.5 above ;,LexGLUE_UnfairToS
Limitation of Liability,( iii ) the service limitations set out in paragraph 5.6 ;,LexGLUE_UnfairToS
Limitation of Liability,( iv ) your failure to provide accurate physical location information to an emergency services operative ; or,LexGLUE_UnfairToS
Limitation of Liability,( v ) conduct of third party emergency services operatives and calling centres to which you may be connected .,LexGLUE_UnfairToS
Limitation of Liability,"( e ) any claim , damage or loss ( whether direct or indirect ) arising from or relating to :",LexGLUE_UnfairToS
Limitation of Liability,"( i ) any product or service provided by a third party under their own terms of service , including without limitation , skype wifi ;",LexGLUE_UnfairToS
Limitation of Liability,"12.6 subject to paragraphs 12.3 - 12.5 above , skype 's total liability to you under or in connection with these terms ( whether in contract , tort ( including negligence ) or any other theory of liability ) ) shall not exceed in aggregate the amount paid by you for the products in the 12 month period immediately prior to the date of the event giving rise to the relevant claim , subject to a maximum of five thousand euros in all cases .",LexGLUE_UnfairToS
Limitation of Liability,"whilst skype takes no responsibility for such products or services , if you encounter any problems with payment for or download , use of installation of such products or services , skype will use commercially reasonable endeavours to assist or resolve the problems .",LexGLUE_UnfairToS
Content Removal,the merchant has the ability to change its pricing or terminate its product availability at anytime .,LexGLUE_UnfairToS
Limitation of Liability,skype is not responsible for such third party websites or the availability of such websites and does not endorse any content or material on such third party websites .,LexGLUE_UnfairToS
Choice of Law / Jurisdiction,"if you use any such software development kit or api ( as applicable ) you agree that you have read and will comply with the applicable licensing terms , which are available on http://developer.skype.com/ .",LexGLUE_UnfairToS
Content Removal,"skype may , without prior notice , assign these terms or any rights or obligations contained in them to any third party .",LexGLUE_UnfairToS
Limitation of Liability,"18.8 you acknowledge and agree that if skype is unable to provide the software , products and/or skype websites as a result of a force majeure event , skype will not be in breach of any of its obligations towards you under these terms .",LexGLUE_UnfairToS
Arbitration,18.9 these terms other than paragraph 20.3 shall be governed by and interpreted in accordance with the laws of luxembourg and shall be subject to the jurisdiction of the courts of the district of luxembourg .,LexGLUE_UnfairToS
Content Removal,"skype reserves the right to change the terms related to skype numbers and/or skype to go numbers , including without limitation to impose or amend any residency requirements and/or require the provision of further user information for continued access to such numbers .",LexGLUE_UnfairToS
Content Removal,"if skype needs to withdraw or change the number that has been made available to you , skype will use commercially reasonable endeavours to notify you by e-mail , stating the effective date of the change and where possible , your new number .",LexGLUE_UnfairToS
Unilateral Change,the right to use the number and the cancellation of such right rest with the skype manager administrator at his/her sole discretion and not you .,LexGLUE_UnfairToS
Unilateral Change,"skype may at its option , terminate its relationship with you , or may suspend your subscription immediately if it determines you are using your subscription contrary to this fup or skype 's terms of use .",LexGLUE_UnfairToS
Content Removal,( b ) skype reserves the right to withdraw or change the subscriptions at any time .,LexGLUE_UnfairToS
Content Removal,skype reserves the right to change the fair usage policy at any time .,LexGLUE_UnfairToS
Content Removal,changes shall become effective when published on the skype website .,LexGLUE_UnfairToS
Choice of Law / Jurisdiction,your continued use of a skype premium subscription after publication on the skype website shall constitute your acceptance to be bound by the terms and conditions of the revised fair usage policy .,LexGLUE_UnfairToS
Choice of Law / Jurisdiction,your continued use of qik premium after publication on the skype website shall constitute your acceptance to be bound by the terms and conditions of the revised fair usage policy .,LexGLUE_UnfairToS
Unilateral Change,"skype may in its option , terminate its relationship with you , or suspend your account immediately if it determines you are using video messaging contrary to this fup or these terms .",LexGLUE_UnfairToS
Exclusion of Liability,"if you and a disputed party do not resolve any dispute by informal negotiation or in small claims court , any other effort to resolve the dispute will be conducted exclusively by binding arbitration governed by the united states federal arbitration act ( `` faa '' ) .",LexGLUE_UnfairToS
Choice of Law / Jurisdiction,"by clicking on the accept button and/or continuing to install the software or use the software , products and/or skype websites , you expressly consent to be bound by its terms and conditions and grant to skype the rights set forth herein .",LexGLUE_UnfairToS
Contract Termination,"blizzard entertainment does not recognize the transfer of accounts , and any unauthorized transfer of the world of warcraft software will result in the permanent deletion of the account attached to that software .",LexGLUE_UnfairToS
Unilateral Change,"you may not offer any account for sale or trade , and any such offer : ( 1 ) is a violation of this agreement ; ( 2 ) may result in suspension or termination of the account at blizzard entertainment 's sole and absolute discretion ; and ( 3 ) will not be opposable to blizzard entertainment .",LexGLUE_UnfairToS
Limitation of Liability,"unless otherwise stated herein , there are no refunds where the account is terminated prior to the end of a subscription period ; the service will be available for your use until such time that the then-current subscription period expires .",LexGLUE_UnfairToS
Content Removal,blizzard entertainment reserves the right to modify these rules of conduct at any time pursuant to article xii of the terms of use .,LexGLUE_UnfairToS
Contract Termination,"if blizzard entertainment finds such a label to be offensive or improper , it may , in its sole and absolute discretion , change the name , remove the label and corresponding chat room , and/or suspend or terminate your use of world of warcraft .",LexGLUE_UnfairToS
Contract Termination,"your written communication may be subject to review , modification , and/or deletion by blizzard entertainment without notice to you .",LexGLUE_UnfairToS
Contract Termination,"violation of any of the rules of conduct set forth above may result in actions being taken by blizzard entertainment , effective immediately or at a time determined by blizzard entertainment , which may include without limitation : temporarily suspending your access to world of warcraft , permanently terminating your access to world of warcraft ( see article xv , section 2 below ) , modify a character or an account , including without limitation , reducing or removing experience points , skills , levels , in-game currency or items ; or temporarily or permanently suspend , or terminate , your access to an account that you use to access the service .",LexGLUE_UnfairToS
Unilateral Change,"without limiting the foregoing , blizzard entertainment retains the right to decline service to any user who violates the bnet tou , the terms of use and/or the eula .",LexGLUE_UnfairToS
Limitation of Liability,"note that it is your responsibility to be aware of such notices , and you hereby acknowledge and agree that blizzard entertainment shall not be responsible for any damages which may arise from your failure to read and/or be aware of these publicly posted notices .",LexGLUE_UnfairToS
Content Removal,"blizzard entertainment may , from time to time , change or modify these terms of use .",LexGLUE_UnfairToS
Choice of Law / Jurisdiction,"if you do not object to the amended terms of use within one ( 1 ) month following the special notice , your continued use of world of warcraft will mean that you accept the amended terms of use .",LexGLUE_UnfairToS
Unilateral Change,"blizzard entertainment reserves the right to terminate this agreement as follows : if you fail to comply with any terms contained in this agreement , blizzard entertainment will provide you with a warning of your non-compliance .",LexGLUE_UnfairToS
Unilateral Change,"in case of a serious violation of this agreement , blizzard entertainment will be entitled to immediately terminate this agreement without any prior warning .",LexGLUE_UnfairToS
Limitation of Liability,"also , note that in the event that blizzard entertainment terminates this agreement for breach of these terms of use , any right to any and all payments you may have made for pre-purchased game access to world of warcraft are forfeit , and you agree and acknowledge that you are not entitled to any refund for any amounts which were pre-paid on your account prior to any termination of this agreement .",LexGLUE_UnfairToS
Content Removal,"if and as far as necessary to operate the service in accordance with the terms contained herein , in particular to keep a balanced and enjoyable gaming experience for all players blizzard entertainment reserves the right to modify or delete game data .",LexGLUE_UnfairToS
Limitation of Liability,without limiting the liability under article xvii .1 .,LexGLUE_UnfairToS
Limitation of Liability,"above , blizzard entertainment is only liable for slight negligence in case of a breach of a material contractual obligation .",LexGLUE_UnfairToS
Choice of Law / Jurisdiction,i hereby agree that my use of the world of warcraft service is an acknowledgment of my agreement to be bound by the terms and conditions of this agreement .,LexGLUE_UnfairToS
Choice of Law / Jurisdiction,"when you use our services , in addition to enjoying a world of good vibes , you also agree to the terms and they affect your rights and obligations .",LexGLUE_UnfairToS
Content Removal,"we are always working on adding additional features to our services , and because of that , and also since sometimes applicable laws change , we may revise and reissue these terms occasionally , by posting updated terms at / viber-terms-use .",LexGLUE_UnfairToS
Choice of Law / Jurisdiction,your continued use of any of our services will be deemed as your acceptance of any revisions .,LexGLUE_UnfairToS
Unilateral Change,"if we at viber believe the details are not correct , current , or complete , we have the right prevent you from accessing our services , or any of its resources and to terminate or suspend your account .",LexGLUE_UnfairToS
Content Removal,8.1.1 the rates for calling landlines and mobile phones outside of the viber community consist of a per-minute rate as set out on http://account.viber.com/ .,LexGLUE_UnfairToS
Content Removal,8.1.2 viber may change the rates for calling phones at any time without notice to you by posting such change at http://account.viber.com/ .,LexGLUE_UnfairToS
Content Removal,viber may change the prices of such products at any time without any notice to you .,LexGLUE_UnfairToS
Contract Termination,viber may remove or modify any content without notice or liability at any time in viber 's sole discretion .,LexGLUE_UnfairToS
Limitation of Liability,any use of the forums will be at your own risk and will be subject to the disclaimers and limitations on liability set out above .,LexGLUE_UnfairToS
Contract Termination,"however , because we want to protect you and other users and make sure your experience is positive , we reserve the right at all times ( but will not have an obligation ) to remove or refuse to distribute any user content on the service , to suspend or terminate users , and to block participants of viber public chats without liability to us , including where such user content , in our sole discretion , violates these terms , including these house rules , the public chat & public accounts terms & guidelines or any additional terms , or that we otherwise find objectionable .",LexGLUE_UnfairToS
Limitation of Liability,"viber will not be liable for any loss that you may incur as a result of someone else using your user account , either with or without your knowledge .",LexGLUE_UnfairToS
Unilateral Change,"if you use a username and password that viber considers insecure , viber will be entitled to require this to be changed and/or terminate your user account .",LexGLUE_UnfairToS
Unilateral Change,"where permissible under the law , viber has the right to terminate your rights under our service without notice .",LexGLUE_UnfairToS
Limitation of Liability,"the viber group disclaims all liability , whether based in contract , tort ( including negligence ) , strict liability , or otherwise , and does not accept any liability for any loss or damage ( direct , indirect , punitive , actual , consequential , incidental , special , exemplary , or otherwise ) resulting from any use of , or inability to use , the service or any other site , app or service , or the material , information , software , facilities , services , or other content on the service or any other site , app or service , regardless of the basis upon which liability is claimed and even if any member of the viber group has been advised of the possibility of such loss or damage .",LexGLUE_UnfairToS
Limitation of Liability,"if applicable law does not allow all or any part of the above limitation of liability to apply to you , the limitations will apply to you only to the extent permitted by applicable law .",LexGLUE_UnfairToS
Limitation of Liability,in no event shall our total liability to you for all damages ( other than as may be required by applicable law in cases involving personal injury ) exceed the amount of fifty dollars ( $ 50.00 ) .,LexGLUE_UnfairToS
Contract Termination,"if viber believes , in its sole discretion , that a violation of these terms has occurred , it may edit or modify any submission , posting or emails , remove the material permanently , cancel postings , warn users , suspend users and passwords , terminate accounts , or take other corrective action it deems appropriate .",LexGLUE_UnfairToS
Contract Termination,"viber reserves the right to modify or discontinue , temporarily or permanently , all or any part of this service and/or any software , facilities , and services on this service , with or without notice and/or to establish general guidelines and limitations on their use .",LexGLUE_UnfairToS
Arbitration,"to the extent permitted by law , and with the exception of section 8 ( which will be construed in accordance with the faa and new york law ) , these terms shall be governed by , construed and enforced in accordance with the laws of the state of new york , as they are applied to agreements entered into and to be performed entirely within new york .",LexGLUE_UnfairToS
Exclusion of Liability,"if you ever wish to seek any relief from us , you agree to do it only through arbitration , and you waive the ability to pursue class action .",LexGLUE_UnfairToS
Exclusion of Liability,"( a ) u.s. residents : to the fullest extent permissible by law , with the exception of disputes pertaining to viber 's intellectual property rights and certain statutory claims that , pursuant to law , are not arbitrable , any dispute of any kind between you and viber arising under these terms shall be resolved through binding arbitration pursuant to the jams streamlined arbitration rules and procedures on an individual basis with no class relief .",LexGLUE_UnfairToS
Choice of Law / Jurisdiction,"you accept these terms by creating a microsoft account or skype account , through your use of the services , or by continuing to use the services after being notified of a change to these terms .",LexGLUE_UnfairToS
Choice of Law / Jurisdiction,"by using the services or agreeing to these terms , you consent to microsoft 's collection , use and disclosure of your content and data as described in the privacy statement .",LexGLUE_UnfairToS
Unilateral Change,": if you violate these terms , we may stop providing services to you or we may close your microsoft account or skype account .",LexGLUE_UnfairToS
Contract Termination,we may also block delivery of a communication ( like email or instant message ) to or from the services in an effort to enforce these terms or we may remove or refuse to publish your content for any reason .,LexGLUE_UnfairToS
Unilateral Change,"if we reasonably suspect that your microsoft account or skype account is being used by a third party fraudulently ( for example , as a result of an account compromise ) , microsoft may suspend your account until you can reclaim ownership .",LexGLUE_UnfairToS
Contract Termination,"based on the nature of the compromise , we may be required to disable access to some or all of your content .",LexGLUE_UnfairToS
Limitation of Liability,"we strive to keep the services up and running ; however , all online services suffer occasional disruptions and outages , and microsoft is not liable for any disruption or loss you may suffer as a result .",LexGLUE_UnfairToS
Content Removal,"we may change these terms at any time , and we 'll tell you when we do .",LexGLUE_UnfairToS
Choice of Law / Jurisdiction,using the services after the changes become effective means you agree to the new terms .,LexGLUE_UnfairToS
Content Removal,"c. additionally , there may be times when we need to remove or change features or functionality of the service or stop providing a service or access to third-party apps and services altogether .",LexGLUE_UnfairToS
Content Removal,"we may change the price of the services at any time and if you have a recurring purchase , we will notify you by email at least 15 days before the price change .",LexGLUE_UnfairToS
Unilateral Termination,"you and we irrevocably consent to the exclusive jurisdiction and venue of the state or federal courts in king county , washington , for all disputes arising out of or relating to these terms or the services that are heard in court ( excluding arbitration and small claims court ) .",LexGLUE_UnfairToS
Limitation of Liability,"if you have any basis for recovering damages ( including breach of these terms ) , you agree that your exclusive remedy is to recover , from microsoft or any affiliates , resellers , distributors , third-party apps and services providers , and vendors , direct damages up to an amount equal to your services fee for the month during which the breach occurred ( or up to $ 10.00 if the services are free ) .",LexGLUE_UnfairToS
Limitation of Liability,"you ca n't recover any other damages or losses , including direct , consequential , lost profits , special , indirect , incidental , or punitive .",LexGLUE_UnfairToS
Limitation of Liability,these limitations and exclusions apply even if this remedy does n't fully compensate you for any losses or fails of its essential purpose or if we knew or should have known about the possibility of the damages .,LexGLUE_UnfairToS
Limitation of Liability,"to the maximum extent permitted by law , these limitations and exclusions apply to anything or any claims related to these terms , the services , or the software related to the services .",LexGLUE_UnfairToS
Contract Termination,"microsoft may at any time regulate , control , modify and/or eliminate the game currency and/or virtual goods as it sees fit in its sole discretion .",LexGLUE_UnfairToS
Choice of Law / Jurisdiction,"by using those features , you agree to these terms and the google maps terms available at http://www.google.com/intl/en_all/help/terms_maps.html .",LexGLUE_UnfairToS
Content Removal,skype may change its calling rates at any time without notice to you by posting such change at www.skype.com/go/allrates .,LexGLUE_UnfairToS
Unilateral Change,your program account will be cancelled if you do not log in at least once in a 180-day period .,LexGLUE_UnfairToS
Unilateral Change,"additionally , microsoft reserves the right to cancel the program account of a specific user without cause and without providing a reason .",LexGLUE_UnfairToS
Unilateral Change,"microsoft reserves the right to disqualify you ; disable your access to the program or your rewards account ; and/or withhold points , rewards and charitable contributions , if microsoft believes you are tampering with or abusing any aspect of the program or may be engaging in activities that violate these terms .",LexGLUE_UnfairToS
Limitation of Liability,microsoft is not responsible if a cortana communication management feature delays or prevents you from reviewing or sending a communication .,LexGLUE_UnfairToS
Contract Termination,"microsoft or the owners of the digital goods may , from time to time , remove digital goods from the services without notice .",LexGLUE_UnfairToS
Contract Termination,"if you have more content stored in your onedrive account than is provided to you under the terms of your free or paid subscription service for onedrive and you do not respond to notice from microsoft to fix your account by removing excess content or moving to a new subscription plan with more storage , we reserve the right to close your account and delete or disable access to your content on onedrive .",LexGLUE_UnfairToS
Exclusion of Liability,"if we ca n't , you and we agree to binding individual arbitration before the american arbitration association ( `` aaa '' ) under the federal arbitration act ( `` faa '' ) , and not to sue in court in front of a judge or jury .",LexGLUE_UnfairToS
Unilateral Change,"in appropriate circumstances , microsoft may also disable or terminate accounts of users of microsoft services who may be repeat infringers .",LexGLUE_UnfairToS
Choice of Law / Jurisdiction,"by downloading or using the application , or attempting to do any of these , you accept these terms .",LexGLUE_UnfairToS
Content Removal,microsoft reserves the right to modify our usage rules at any time .,LexGLUE_UnfairToS
Limitation of Liability,this remedy does n't fully compensate you for any losses ; or,LexGLUE_UnfairToS
Choice of Law / Jurisdiction,"by accessing or using the instagram website , the instagram service , or any applications ( including mobile applications ) made available by instagram ( together , the `` service '' ) , however accessed , you agree to be bound by these terms of use ( `` terms of use '' ) .",LexGLUE_UnfairToS
Exclusion of Liability,"arbitration notice : except if you opt-out and except for certain types of disputes described in the arbitration section below , you agree that disputes between you and instagram will be resolved by binding , individual arbitration and you waive your right to participate in a class action lawsuit or class-wide arbitration .",LexGLUE_UnfairToS
Unilateral Change,"violation of these terms of use may , in instagram 's sole discretion , result in termination of your instagram account .",LexGLUE_UnfairToS
Unilateral Change,"if you violate the letter or spirit of these terms of use , or otherwise create risk or possible legal exposure for instagram , we can stop providing all or part of the service to you .",LexGLUE_UnfairToS
Content Removal,"we reserve the right to modify or terminate the service or your access to the service for any reason , without notice , at any time , and without liability to you .",LexGLUE_UnfairToS
Contract Termination,"if we terminate your access to the service or you use the form detailed above to deactivate your account , your photos , comments , likes , friendships , and all other data will no longer be accessible through your account ( e.g. , users will not be able to navigate to your username and view your photos ) , but those materials and data may persist and appear within the service ( e.g. , if your content has been reshared by others ) .",LexGLUE_UnfairToS
Content Removal,"we reserve the right , in our sole discretion , to change these terms of use ( `` updated terms '' ) from time to time .",LexGLUE_UnfairToS
Choice of Law / Jurisdiction,"you agree that we may notify you of the updated terms by posting them on the service , and that your use of the service after the effective date of the updated terms ( or engaging in such other conduct as we may reasonably specify ) constitutes your agreement to the updated terms .",LexGLUE_UnfairToS
Content Removal,"therefore , you should review these terms of use and any updated terms before using the service .",LexGLUE_UnfairToS
Contract Termination,"we may , but have no obligation to , remove , edit , block , and/or monitor content or accounts containing content that we determine in our sole discretion violates these terms of use .",LexGLUE_UnfairToS
Limitation of Liability,you agree that instagram is not responsible or liable for the conduct of any user .,LexGLUE_UnfairToS
Limitation of Liability,you expressly acknowledge and agree that instagram is in no way responsible or liable for any such third-party services or features .,LexGLUE_UnfairToS
Contract Termination,"also , instagram reserves the right to remove any content from the service for any reason , without prior notice .",LexGLUE_UnfairToS
Limitation of Liability,"instagram will not be liable to you for any modification , suspension , or discontinuation of the services , or the loss of any content .",LexGLUE_UnfairToS
Limitation of Liability,"except as otherwise described in the service 's privacy policy , available at http://instagram.com/legal/privacy/ , as between you and instagram , any content will be non-confidential and non-proprietary and we will not be liable for any use or disclosure of content .",LexGLUE_UnfairToS
Limitation of Liability,"none of your content will be subject to any obligation of confidence on the part of instagram , and instagram will not be liable for any use or disclosure of any content you provide .",LexGLUE_UnfairToS
Limitation of Liability,"the instagram parties do not endorse content and specifically disclaim any responsibility or liability to any person or entity for any loss , damage ( whether actual , consequential , punitive or otherwise ) , injury , claim , liability or other cause of any kind or character based upon or resulting from any content .",LexGLUE_UnfairToS
Limitation of Liability,"under no circumstances will the instagram parties be liable to you for any loss or damages of any kind ( including , without limitation , for any direct , indirect , economic , exemplary , special , punitive , incidental or consequential losses or damages ) that are directly or indirectly related to : ( a ) the service ; ( b ) the instagram content ; ( c ) user content ; ( d ) your use of , inability to use , or the performance of the service ; ( e ) any action taken in connection with an investigation by the instagram parties or law enforcement authorities regarding your or any other party 's use of the service ; ( f ) any action taken in connection with copyright or other intellectual property owners ; ( g ) any errors or omissions in the service 's operation ; or ( h ) any damage to any user 's computer , mobile device , or other equipment or technology including , without limitation , damage from any security breach or from any virus , bugs , tampering , fraud , error , omission , interruption , defect , delay in operation or transmission , computer line or network failure or any other technical or other malfunction , including , without limitation , damages for lost profits , loss of goodwill , loss of data , work stoppage , accuracy of results , or computer failure or malfunction , even if foreseeable or even if the instagram parties have been advised of or should have known of the possibility of such damages , whether in an action of contract , negligence , strict liability or tort ( including , without limitation , whether caused in whole or in part by negligence , acts of god , telecommunications failure , or theft or destruction of the service ) .",LexGLUE_UnfairToS
Limitation of Liability,"in no event will the instagram parties be liable to you or anyone else for loss , damage or injury , including , without limitation , death or personal injury .",LexGLUE_UnfairToS
Limitation of Liability,"in no event will the instagram parties total liability to you for all damages , losses or causes or action exceed one hundred united states dollars ( $ 100.00 ) .",LexGLUE_UnfairToS
Limitation of Liability,"instagram is not responsible for the actions , content , information , or data of third parties , and you release us , our directors , officers , employees , and agents from any claims and damages , known and unknown , arising out of or in any way connected with any claim you have against any such third parties .",LexGLUE_UnfairToS
Exclusion of Liability,"except if you opt-out or for disputes relating to : ( 1 ) your or instagram 's intellectual property ( such as trademarks , trade dress , domain names , trade secrets , copyrights and patents ) ; ( 2 ) violations of the api terms ; or ( 3 ) violations of provisions 13 or 15 of the basic terms , above ( `` excluded disputes '' ) , you agree that all disputes between you and instagram ( whether or not such dispute involves a third party ) with regard to your relationship with instagram , including without limitation disputes related to these terms of use , your use of the service , and/or rights of privacy and/or publicity , will be resolved by binding , individual arbitration under the american arbitration association 's rules for arbitration of consumer-related disputes and you and instagram hereby expressly waive trial by jury .",LexGLUE_UnfairToS
Arbitration,"these terms of use are governed by and construed in accordance with the laws of the state of california , without giving effect to any principles of conflicts of law and will specifically not be governed by the united nations conventions on contracts for the international sale of goods , if otherwise applicable .",LexGLUE_UnfairToS
Unilateral Termination,"for any action at law or in equity relating to the arbitration provision of these terms of use , the excluded disputes or if you opt out of the agreement to arbitrate , you agree to resolve any dispute you have with instagram exclusively in a state or federal court located in santa clara , california , and to submit to the personal jurisdiction of the courts located in santa clara county for the purpose of litigating all such disputes .",LexGLUE_UnfairToS
Choice of Law / Jurisdiction,"by installing , using or accessing the rovio services or any materials included in or with the rovio services , you hereby accept the terms of this eula .",LexGLUE_UnfairToS
Choice of Law / Jurisdiction,"by installing , accessing or using the rovio services , you consent to these information collection and usage terms , including ( where applicable ) the transfer of data into a country outside of the european union and/or the european economic area or the united states of america .",LexGLUE_UnfairToS
Choice of Law / Jurisdiction,"by installing , accessing or using the rovio services you explicitly agree with the terms and conditions of rovio 's privacy policy and to any terms and conditions included therein by reference .",LexGLUE_UnfairToS
Contract Termination,"rovio may manage , regulate , control , modify or eliminate virtual goods at any time , with or without notice .",LexGLUE_UnfairToS
Limitation of Liability,rovio shall have no liability to you or any third party in the event that rovio exercises any such rights .,LexGLUE_UnfairToS
Limitation of Liability,"subject to mandatory legislation , you acknowledge that rovio is not required to provide a refund for virtual goods for any reason , and that you will not receive money or other compensation for unused virtual goods , whether your loss of license under this eula was voluntary or involuntary .",LexGLUE_UnfairToS
Limitation of Liability,"in no event will rovio , rovio 's affiliates , rovio 's licensors or channel partners be liable for special , incidental or consequential damages resulting from possession , access , use or malfunction of the rovio services , including but not limited to , damages to property , loss of goodwill , computer failure or malfunction and , to the extent permitted by law , damages for personal injuries , property damage , lost profits or punitive damages from any causes of action arising out of or related to this eula or the software , whether arising in tort ( including negligence ) , contract , strict liability or otherwise and whether or not rovio , rovio 's licensors or channel partners have been advised of the possibility of such damages .",LexGLUE_UnfairToS
Limitation of Liability,"in no event shall rovio 's , rovio 's affiliates ' , rovio 's licensors ' or channel partners ' liability for all damages ( except as required by applicable law ) exceed the actual price paid by you for use of the rovio services or five euros ( eur 5 ) , whichever less .",LexGLUE_UnfairToS
Content Removal,"rovio reserves the right , at its discretion , to change , modify , add or remove portions of this eula by posting the updated eula on rovio 's website .",LexGLUE_UnfairToS
Choice of Law / Jurisdiction,you will be deemed to have accepted such changes by continuing to use the rovio services .,LexGLUE_UnfairToS
Arbitration,this eula will be governed by the laws of finland without reference to its choice of law rules .,LexGLUE_UnfairToS
Exclusion of Liability,"any dispute , controversy or claim arising out of or relating to this eula or the breach , termination or validity thereof shall be finally settled at rovio 's discretion ( i ) at your domicile 's competent courts ; or ( ii ) by arbitration in accordance with the rules for expedited arbitration of the arbitration institute of the finland chamber of commerce .",LexGLUE_UnfairToS
Exclusion of Liability,"the arbitration shall be conducted in helsinki , finland , in the english language .",LexGLUE_UnfairToS
Choice of Law / Jurisdiction,"by using the services , you hereby acknowledge and agree that you have read and understand this agreement and agree to be legally bound by it .",LexGLUE_UnfairToS
Exclusion of Liability,"these terms contain a binding arbitration agreement and class action waiver , which state that you and onavo agree to resolve certain disputes through binding individual arbitration and give up any right to have those disputes decided by a judge or jury .",LexGLUE_UnfairToS
Contract Termination,"should onavo become aware that you have violated section 4.2 above , onavo shall be entitled , at its own discretion , to remove the content in violation immediately , terminate your user account under section 9 below and/or notify the relevant authorities .",LexGLUE_UnfairToS
Unilateral Change,"onavo may terminate this agreement , or terminate or suspend your access to any of the services at any time , with or without cause , with or without notice .",LexGLUE_UnfairToS
Unilateral Change,"upon such termination or suspension , your right to use the services will immediately cease .",LexGLUE_UnfairToS
Unilateral Change,"any unauthorized use of the services or other failure by you to comply with the terms of this agreement will be deemed a material breach of this agreement and will entitle onavo , without derogating from any other remedies available to it , to immediately suspend or terminate this agreement with no liability to you .",LexGLUE_UnfairToS
Content Removal,"onavo reserves the right to make corrections , modifications , enhancements , improvements and other changes to the services at any time or to discontinue the services without notice .",LexGLUE_UnfairToS
Limitation of Liability,"in no event shall onavo be liable to anyone for any indirect , punitive , special , exemplary , incidental , consequential or other damages of any type or kind ( including loss of data , revenue , profits , use or other economic advantage ) arising out of , or in any way connected with the services , including but not limited to the use or inability to use the services , or for any content obtained from or through the services , any interruption , inaccuracy , error or omission , even if onavo has been previously advised of the possibility of such damages .",LexGLUE_UnfairToS
Limitation of Liability,"insofar as the services utilize components or functions operated or managed by third parties , onavo will not be liable for any form of liability , including , but not limited to any direct or indirect damage , pecuniary or otherwise , arising from the use of , reliance on , or in connection with , such third parties ' components and functions .",LexGLUE_UnfairToS
Limitation of Liability,"we will not be liable , directly or indirectly , for any damage or loss caused or alleged to be caused by or in connection with your use of or reliance on any such content , goods or services available on or through any third party websites , content or mobile application .",LexGLUE_UnfairToS
Content Removal,onavo reserves the right to modify the terms and conditions of this agreement or its policies relating to the services at any time .,LexGLUE_UnfairToS
Choice of Law / Jurisdiction,continued use of the services after any such changes shall constitute your consent to such changes .,LexGLUE_UnfairToS
Arbitration,"this agreement , as well as any dispute , claim or controversy ( `` claim '' ) that may arise between you and onavo , shall be exclusively governed by the laws of california , united states , without regard to the choice or conflicts of law provisions thereof .",LexGLUE_UnfairToS
Exclusion of Liability,"except for any claim relating to your or our intellectual property ( such as trademarks , trade dress , domain names , trade secrets , copyrights and patents ) ( `` excluded disputes '' ) , you and onavo agree to resolve through final and binding arbitration any claim between you and onavo , including its affiliates , officers , directors , employees and agents and its affiliates ' officers , directors , employees and agents ( whether or not such dispute also involves a third party ) , regarding any aspect of your relationship with us , including these terms , your use of any of onavo 's services , your rights of privacy and/or publicity , or any contacts you may have with us , directly or indirectly , for any reason ( `` dispute '' ) .",LexGLUE_UnfairToS
Unilateral Termination,"if you opt out of the arbitration agreement , if the arbitration agreement is found by a court to be unenforceable , if your claim is an excluded dispute , or if you neither are a resident of nor have a principal place of business in the us or canada , you agree to resolve any claim you have with us arising out of or relating to these terms or onavo exclusively in a state or federal court located in san mateo county , california , united states and to submit to the personal jurisdiction of the courts located in san mateo county , california , united states for purpose of litigating all such claims .",LexGLUE_UnfairToS
Choice of Law / Jurisdiction,"by downloading , installing and using the service , the licensee agrees to the terms and conditions of these terms of use which shall bind the licensee .",LexGLUE_UnfairToS
Content Removal,"1.3 the licensor reserves the right to change , suspend , remove or disable access to the service at any time without notice .",LexGLUE_UnfairToS
Limitation of Liability,"in no event shall the licensor be liable for the removal or disabling of , or for imposing limits on , access to or use of the service .",LexGLUE_UnfairToS
Limitation of Liability,"6.3 to the extent not prohibited by law , in no event shall the licensor be liable for personal injury , or any incidental , special , indirect , consequential or punitive damages whatsoever , including , without limitation :",LexGLUE_UnfairToS
Limitation of Liability,"arising out of or related to the licensee 's use or inability to use the service , however caused , whether in contract , tort or otherwise and even if the licensor has been advised of the possibility of such damages .",LexGLUE_UnfairToS
Limitation of Liability,6.4 in no event shall the licensor 's total liability to the licensee for all damages exceed the amount of fifty euros ( $ 50.00 ) .,LexGLUE_UnfairToS
Unilateral Change,the licensee 's rights under the license shall terminate automatically without notice from the licensor if the licensee fails to comply with any term or condition of these terms of use .,LexGLUE_UnfairToS
Arbitration,"9.3 the laws of finland , excluding its conflict of law rules , govern these terms of use and the licensee 's use of the service .",LexGLUE_UnfairToS
Arbitration,"the licensee 's use of the service may also be subject to other local , state , national or international laws .",LexGLUE_UnfairToS
Unilateral Termination,"to the extent not prohibited by applicable law , the courts of finland shall have jurisdiction .",LexGLUE_UnfairToS
Content Removal,10.1 the licensor is entitled to revise these terms of use at any time .,LexGLUE_UnfairToS
Content Removal,"the licensor shall notify the licensee of any revisions with reasonable notice , at the licensor 's sole discretion , through the service , by e-email , via an online service or otherwise , or using any combination of the foregoing .",LexGLUE_UnfairToS
Choice of Law / Jurisdiction,"by installing , accessing or otherwise using the service you acknowledge and warrant that you hereby consent to be bound by the terms of this agreement , and to the terms of the privacy policy ( available at : sync.me / privacy ) , which is incorporated herein by reference .",LexGLUE_UnfairToS
Unilateral Change,"we are entitled , without any liability , to refuse , restrict , limit , suspend and/or interfere or interrupt the service or any part thereof , without any notice to you for the repair , improvement , and/or upgrade of the service or for any of the reasons for termination as mentioned below .",LexGLUE_UnfairToS
Limitation of Liability,"you hereby expressly agree , that to the fullest extent not prohibited by the applicable law , that :",LexGLUE_UnfairToS
Limitation of Liability,"the company does not warrant , endorse and will not be liable to any damage or claim for any user submissions , including without limitation , its accuracy , engagement with commercial activity , spam , or any attempts to defraud or manipulate other users with deceptive means or misrepresentation .",LexGLUE_UnfairToS
Limitation of Liability,"you hereby expressly agree , that to the fullest extent not prohibited by the applicable law , that the company shall not be liable , in any event , for :",LexGLUE_UnfairToS
Limitation of Liability,"any direct , indirect , special , incidental , consequential or exemplary damages , under any theory of liability , including but not limited to contract , tort ( including negligence ) , damages for loss of data , profits and goodwill , arising out of the use , misuse or inability to use the service , or by any form of malware , whether or not the company was or should have been aware or advised of the possibility of such damages ;",LexGLUE_UnfairToS
Limitation of Liability,"any information stored , processed or transmitted via the service , including user submissions ;",LexGLUE_UnfairToS
Limitation of Liability,"the validity , correctness or accurateness of any content disseminated , provided or otherwise delivered in connection with your use of the service .",LexGLUE_UnfairToS
Arbitration,this agreement is governed by and construed in accordance with the laws of the state of israel without giving effect to any principles of conflicts of law .,LexGLUE_UnfairToS
Exclusion of Liability,"you hereby agree that all disputes between you and the company ( whether or not such dispute involves a third party ) arising out of or in connection with your relationship with the company , including without limitation disputes related to the terms of this agreement or the privacy policy , your use of the service , and/or rights of privacy and/or publicity , will be finally settled by binding , individual arbitration under the rules of arbitration of the international chamber of commerce by one arbitrator appointed in accordance with the said rules .",LexGLUE_UnfairToS
Unilateral Change,if you repeatedly infringe third parties ' ip your access to the service may be restricted or blocked at the company 's sole discretion .,LexGLUE_UnfairToS
Contract Termination,"the company reserves the right ( but has no obligation ) , at its sole discretion and without prior notice to :",LexGLUE_UnfairToS
Contract Termination,"terminate your account or your access to the service , for any reason , or where it determined that you have breached any of the terms of this agreement or of the privacy policy .",LexGLUE_UnfairToS
Contract Termination,"monitor or review any content submitted by you in connection with the service , reject any content submitted or remove any content from the service , or refuse your requests in connection with the service .",LexGLUE_UnfairToS
Content Removal,"the company reserves the right , at its sole discretion , to periodically amend or revise the terms of this agreement ; material changes will be effective immediately upon the publication of the amended agreement .",LexGLUE_UnfairToS
Choice of Law / Jurisdiction,"your continued use of the service , following the amendment of the agreement , constitutes your acknowledgement and consent of such amendments to the agreement .",LexGLUE_UnfairToS
Choice of Law / Jurisdiction,"by using our services , you are agreeing to these terms .",LexGLUE_UnfairToS
Unilateral Change,we may suspend or stop providing our services to you if you do not comply with our terms or policies or if we are investigating suspected misconduct .,LexGLUE_UnfairToS
Choice of Law / Jurisdiction,"by using our services , you agree that google can use such data in accordance with our privacy policies .",LexGLUE_UnfairToS
Unilateral Change,"google may also stop providing services to you , or add or create new limits to our services at any time .",LexGLUE_UnfairToS
Limitation of Liability,"when permitted by law , google , and google 's suppliers and distributors , will not be responsible for lost profits , revenues , or data , financial losses or indirect , special , consequential , exemplary , or punitive damages .",LexGLUE_UnfairToS
Limitation of Liability,"to the extent permitted by law , the total liability of google , and its suppliers and distributors , for any claims under these terms , including for any implied warranties , is limited to the amount you paid us to use the services ( or , if we choose , to supplying you the services again ) .",LexGLUE_UnfairToS
Limitation of Liability,"in all cases , google , and its suppliers and distributors , will not be liable for any loss or damage that is not reasonably foreseeable .",LexGLUE_UnfairToS
Content Removal,"we may modify these terms or any additional terms that apply to a service to , for example , reflect changes to the law or changes to our services .",LexGLUE_UnfairToS
Arbitration,"the laws of california , u.s.a. , excluding california 's conflict of laws rules , will apply to any disputes arising out of or relating to these terms or the services .",LexGLUE_UnfairToS
Unilateral Termination,"all claims arising out of or relating to these terms or the services will be litigated exclusively in the federal or state courts of santa clara county , california , usa , and you and google consent to personal jurisdiction in those courts .",LexGLUE_UnfairToS
Choice of Law / Jurisdiction,"by using or accessing the facebook services , you agree to this statement , as updated from time to time in accordance with section 13 below .",LexGLUE_UnfairToS
Contract Termination,"if you select a username or similar identifier for your account or page , we reserve the right to remove or reclaim it if we believe it is appropriate ( such as when a trademark owner complains about a username that does not closely relate to a user 's actual name ) .",LexGLUE_UnfairToS
Contract Termination,we can remove any content or information you post on facebook if we believe that it violates this statement or our policies .,LexGLUE_UnfairToS
Unilateral Change,"if you repeatedly infringe other people 's intellectual property rights , we will disable your account when appropriate .",LexGLUE_UnfairToS
Choice of Law / Jurisdiction,"if you make a payment on facebook , you agree to our payments terms unless it is stated that other terms apply .",LexGLUE_UnfairToS
Choice of Law / Jurisdiction,"your continued use of the facebook services , following notice of the changes to our terms , policies or guidelines , constitutes your acceptance of our amended terms , policies or guidelines .",LexGLUE_UnfairToS
Unilateral Change,"if you violate the letter or spirit of this statement , or otherwise create risk or possible legal exposure for us , we can stop providing all or part of facebook to you .",LexGLUE_UnfairToS
Unilateral Termination,"you will resolve any claim , cause of action or dispute ( claim ) you have with us arising out of or relating to this statement or facebook exclusively in the u.s. district court for the northern district of california or a state court located in san mateo county , and you agree to submit to the personal jurisdiction of such courts for the purpose of litigating all such claims .",LexGLUE_UnfairToS
Arbitration,"the laws of the state of california will govern this statement , as well as any claim that might arise between you and us , without regard to conflict of law provisions .",LexGLUE_UnfairToS
Limitation of Liability,"we will not be liable to you for any lost profits or other consequential , special , indirect , or incidental damages arising out of or in connection with this statement or facebook , even if we have been advised of the possibility of such damages .",LexGLUE_UnfairToS
Limitation of Liability,our aggregate liability arising out of this statement or facebook will not exceed the greater of one hundred dollars ( $ 100 ) or the amount you have paid us in the past twelve months .,LexGLUE_UnfairToS
Limitation of Liability,"in such cases , facebook 's liability will be limited to the fullest extent permitted by applicable law .",LexGLUE_UnfairToS
Choice of Law / Jurisdiction,"by using or accessing facebook services , you agree that we can collect and use such content and information in accordance with the data policy as amended from time to time .",LexGLUE_UnfairToS
Choice of Law / Jurisdiction,"by registering for and/or using the service in any manner , including but not limited to visiting or browsing the site , you agree to all of the terms and conditions contained herein ( `` terms of use '' ) , and all other operating rules , policies and procedures that may be published from time to time on the site by vivino , each of which is incorporated by reference and each of which may be updated by vivino from time to time without notice to you in accordance with the terms set out under the `` modification of terms of use '' section below .",LexGLUE_UnfairToS
Contract Termination,"vivino reserves the right to refuse registration of , or cancel a user name in its sole discretion .",LexGLUE_UnfairToS
Limitation of Liability,you acknowledge that all content accessed by you using the service is at your own risk and you will be solely responsible and liable for any damage or loss to you or any other party resulting therefrom .,LexGLUE_UnfairToS
Limitation of Liability,you understand that all information publicly posted or privately transmitted through the site is the sole responsibility of the person from which such content originated ; that vivino will not be liable for any errors or omissions in any content ; and that vivino can not guarantee the identity of any other users with whom you may interact in the course of using the service .,LexGLUE_UnfairToS
Contract Termination,"however , vivino reserves the right to ( i ) remove , suspend , edit or modify any content in its sole discretion , including without limitation any user submissions at any time , without notice to you and for any reason ( including , but not limited to , upon receipt of claims or allegations from third parties or authorities relating to such content or if vivino is concerned that you may have violated these terms of use ) , or for no reason at all and ( ii ) to remove , suspend or block any user submissions from the service .",LexGLUE_UnfairToS
Unilateral Change,"vivino may terminate your access to all or any part of the service at any time , with or without cause , with or without notice , effective immediately , which may result in the forfeiture and destruction of all information associated with your membership .",LexGLUE_UnfairToS
Limitation of Liability,you release vivino from all liability for you having acquired or not acquired content through the service .,LexGLUE_UnfairToS
Limitation of Liability,"all liability of vivino , its directors , employees , agents , representatives , partners , suppliers or content providers howsoever arising for any loss suffered as a result of your use the site , service , content , user submissions or add-to link is expressly excluded to the fullest extent permitted by law , save that , if a court of competent jurisdiction determines that liability of vivino , its directors , employees , agents , representatives , partners , suppliers or content providers ( as applicable ) has arisen , the total of such liability shall be limited in aggregate to one hundred us dollars ( $ 100 ) .",LexGLUE_UnfairToS
Limitation of Liability,"in no event shall vivino , nor its directors , employees , agents , representatives , partners , suppliers or content providers , be liable under contract , tort , strict liability , negligence or any other legal or equitable theory or otherwise ( and whether or not vivino , its directors , employees , agents , representatives , partners , suppliers or content providers had prior knowledge of the circumstances giving rise to such loss or damage ) with respect to the site , service , content , user submissions or add-to link for :",LexGLUE_UnfairToS
Limitation of Liability,cost of procurement of substitue goods or services .,LexGLUE_UnfairToS
Arbitration,"these terms of use shall be governed by and construed in accordance with the laws of the state of new york , excluding its conflicts of law rules , and the united states of america .",LexGLUE_UnfairToS
Exclusion of Liability,"any dispute arising from or relating to the subject matter of these terms of use shall be finally settled by arbitration in new york county , new york , using the english language in accordance with the arbitration rules and procedures of jams then in effect , by one commercial arbitrator with substantial experience in resolving intellectual property and commercial contract disputes , who shall be selected from the appropriate list of jams arbitrators in accordance with the arbitration rules and procedures of jams .",LexGLUE_UnfairToS
Unilateral Termination,"for all purposes of these terms of use , the parties consent to exclusive jurisdiction and venue in the united states federal courts or state courts located in the southern district of new york .",LexGLUE_UnfairToS
Arbitration,"solely in respect of users located in the eea and/or australia , the following governing law provisions shall apply : these terms of use and any disputes or claims arising out of or in connection with it shall be governed by , and construed in accordance with , the laws of england .",LexGLUE_UnfairToS
Unilateral Termination,all disputes or claims arising out of or relating to these terms of use shall be subject to the exclusive jurisdiction of the english courts to which the parties irrevocably submit .,LexGLUE_UnfairToS
Content Removal,"vivino reserves the right , at its sole discretion , to modify or replace any of these terms of use , or change , suspend , or discontinue the service ( including without limitation , the availability of any feature , database , or content ) at any time by posting a notice on the site or by sending you notice through the service or via email .",LexGLUE_UnfairToS
Limitation of Liability,vivino may also impose limits on certain features and services or restrict your access to parts or all of the service without notice or liability .,LexGLUE_UnfairToS
Choice of Law / Jurisdiction,your continued use of the service following the posting of any changes to these terms of use constitutes acceptance of those changes .,LexGLUE_UnfairToS
Limitation of Liability,"vivino shall not be liable for any failure to perform its obligations hereunder where such failure results from any cause beyond vivino 's reasonable control , including , without limitation , mechanical , electronic or communications failure or degradation ( including `` line-noise '' interference ) .",LexGLUE_UnfairToS
Choice of Law / Jurisdiction,"by visiting our website and accessing the information , resources , services , products , and tools we provide , you understand and agree to accept and adhere to the following terms and conditions as stated in this policy ( hereafter referred to as ` user agreement ' ) , along with the terms and conditions as stated in our privacy policy ( please refer to the privacy policy section below for more information ) .",LexGLUE_UnfairToS
Content Removal,we reserve the right to change this user agreement from time to time without notice .,LexGLUE_UnfairToS
Content Removal,you acknowledge and agree that it is your responsibility to review this user agreement periodically to familiarize yourself with any modifications .,LexGLUE_UnfairToS
Choice of Law / Jurisdiction,your continued use of this site after such modifications will constitute acknowledgment and agreement of the modified terms and conditions .,LexGLUE_UnfairToS
Contract Termination,"we have the right at our sole discretion to remove any content that , we feel in our judgment does not comply with this user agreement , along with any content that we feel is otherwise offensive , harmful , objectionable , inaccurate , or violates any 3rd party copyrights or trademarks .",LexGLUE_UnfairToS
Limitation of Liability,we do not assume any liability for any content posted by you or any other 3rd party users of our website .,LexGLUE_UnfairToS
Limitation of Liability,"in conjunction with the limitation of warranties as explained above , you expressly understand and agree that any claim against us shall be limited to the amount you paid , if any , for use of products and/or services .",LexGLUE_UnfairToS
Limitation of Liability,"atlas solutions group inc. will not be liable for any direct , indirect , incidental , consequential or exemplary loss or damages which may be incurred by you as a result of using our resources , or as a result of any changes , data loss or corruption , cancellation , loss of access , or downtime to the full extent that applicable limitation of liability laws apply .",LexGLUE_UnfairToS
Unilateral Change,"you agree that we may , at our sole discretion , suspend or terminate your access to all or part of our website and resources with or without notice and for any reason , including , without limitation , breach of this user agreement .",LexGLUE_UnfairToS
Unilateral Change,"any suspected illegal , fraudulent or abusive activity may be grounds for terminating your relationship and may be referred to appropriate law enforcement authorities .",LexGLUE_UnfairToS
Contract Termination,"upon suspension or termination , your right to use the resources we provide will immediately cease , and we reserve the right to remove or delete any information that you may have on file with us , including any account or login information .",LexGLUE_UnfairToS
Arbitration,"as each country has laws that may differ from those of ca , by accessing our website , you agree that the statutes and laws of ca , without regard to the conflict of laws and the united nations convention on the international sales of goods , will apply to all matters relating to the use of this website and the purchase of any products or services through this site .",LexGLUE_UnfairToS
Unilateral Termination,"furthermore , any action to enforce this user agreement shall be brought in the federal or state courts located in us , ca you hereby agree to personal jurisdiction by such courts , and waive any jurisdictional , venue , or inconvenient forum objections to such courts .",LexGLUE_UnfairToS
Choice of Law / Jurisdiction,"by using our services , you 're agreeing to be bound by these terms , our privacy policy and acceptable use policy .",LexGLUE_UnfairToS
Contract Termination,we reserve the right to delete or disable content alleged to be infringing and terminate accounts of repeat infringers .,LexGLUE_UnfairToS
Content Removal,"if you do n't pay for your paid account on time , we reserve the right to suspend it or reduce your storage to free space levels .",LexGLUE_UnfairToS
Content Removal,we may change the fees in effect but will give you advance notice of these changes via a message to the email address associated with your account .,LexGLUE_UnfairToS
Unilateral Change,"we reserve the right to suspend or terminate your access to the services with notice to you if : ( a ) you 're in breach of these terms , ( b ) you 're using the services in a manner that would cause a real risk of harm or loss to us or other users , or ( c ) you do n't have a paid account and have n't accessed our services for 12 consecutive months .",LexGLUE_UnfairToS
Unilateral Change,"if after such notice you fail to take the steps we ask of you , we 'll terminate or suspend your access to the services .",LexGLUE_UnfairToS
Unilateral Change,"we wo n't provide notice before termination where : ( a ) you 're in material breach of these terms , ( b ) doing so would cause us legal liability or compromise our ability to provide the services to our other users , or ( c ) we 're prohibited from doing so by law .",LexGLUE_UnfairToS
Limitation of Liability,"in countries where the following types of exclusions are n't allowed , we 're responsible to you only for losses and damages that are a reasonably foreseeable result of our failure to use reasonable care and skill or our breach of our contract with you .",LexGLUE_UnfairToS
Limitation of Liability,"in countries where exclusions or limitations of liability are allowed , dropbox , its affiliates , suppliers or distributors wo n't be liable for : i ) any indirect , special , incidental , punitive , exemplary or consequential damages , or ii ) any loss of use , data , business , or profits , regardless of legal theory .",LexGLUE_UnfairToS
Limitation of Liability,these exclusions or limitations will apply regardless of whether or not dropbox or any of its affiliates has been warned of the possibility of such damages .,LexGLUE_UnfairToS
Limitation of Liability,"other than for the types of liability we can not limit by law ( as described in this section ) , we limit our liability to you to the greater of $ 20 usd or 100 % of any amount you 've paid under your current service plan with dropbox .",LexGLUE_UnfairToS
Unilateral Termination,"you and dropbox agree that any judicial proceeding to resolve claims relating to these terms or the services will be brought in the federal or state courts of san francisco county , california , subject to the mandatory arbitration provisions below .",LexGLUE_UnfairToS
Unilateral Termination,both you and dropbox consent to venue and personal jurisdiction in such courts .,LexGLUE_UnfairToS
Exclusion of Liability,"you and dropbox agree to resolve any claims relating to these terms or the services through final and binding arbitration by a single arbitrator , except as set forth under exceptions to agreement to arbitrate below .",LexGLUE_UnfairToS
Unilateral Termination,"if the agreement to arbitrate is found not to apply to you or your claim , you agree to the exclusive jurisdiction of the state and federal courts in san francisco county , california to resolve your claim .",LexGLUE_UnfairToS
Arbitration,these terms will be governed by california law except for its conflicts of laws principles .,LexGLUE_UnfairToS
Content Removal,"we may revise these terms from time to time to better reflect : ( a ) changes to the law , ( b ) new regulatory requirements , or ( c ) improvements or enhancements made to our services .",LexGLUE_UnfairToS
Choice of Law / Jurisdiction,"by continuing to use or access the services after the updates come into effect , you agree to be bound by the revised terms .",LexGLUE_UnfairToS
Choice of Law / Jurisdiction,"by installing or otherwise accessing or using the service , you agree that you have read , understood , and agree to be bound by this eula .",LexGLUE_UnfairToS
Exclusion of Liability,disputes arising hereunder will be resolved by binding arbitration .,LexGLUE_UnfairToS
Content Removal,"you understand and agree that the company may change this eula at any time without prior notice ; provided that the company will endeavor to provide you with prior notice of any material changes that may apply to you , including through the posting of a revised eula that you may be required to accept in order to continue using the service .",LexGLUE_UnfairToS
Choice of Law / Jurisdiction,any use of the service after such date will constitute your acceptance of such revised eula .,LexGLUE_UnfairToS
Contract Termination,"we reserve the right to disallow , cancel , remove , or reassign certain usernames and permalinks in appropriate circumstances , as determined by us in our sole discretion , and may , with or without prior notice , suspend or terminate your account if activities occur on your account which , in our sole discretion , would or might constitute a violation of this eula , cause damage to or impair the service , infringe or violate any third party rights , or violate any applicable laws or regulations .",LexGLUE_UnfairToS
Contract Termination,"the company does not pre-screen any user content , but reserves the right to remove , disallow , block or delete any user content in its sole discretion .",LexGLUE_UnfairToS
Contract Termination,"in addition , we have the right -- but not the obligation -- in our sole discretion to remove , disallow , block or delete any user content ( i ) that we consider to violate this eula , applicable law or otherwise constitute objectionable content ( defined in section 5 .",LexGLUE_UnfairToS
Contract Termination,"i below ) ; or ( ii ) in response to complaints from other users or licensors of any company content , with or without notice and without any liability to you .",LexGLUE_UnfairToS
Limitation of Liability,"the company does not guarantee the accuracy , integrity , appropriateness or quality of any user content , and under no circumstances will the company be liable in any way for any user content .",LexGLUE_UnfairToS
Contract Termination,"the company may terminate , suspend , warn or take other appropriate actions against users for posting objectionable content to the service , including , but not limited to , the removal of all user content uploaded to the service by a user .",LexGLUE_UnfairToS
Limitation of Liability,"for the avoidance of doubt , the company will not be liable for any unauthorized use of user content by any user .",LexGLUE_UnfairToS
Content Removal,"the company may modify , revalue , or make gifts more or less common , valuable , effective , or functional .",LexGLUE_UnfairToS
Limitation of Liability,"likewise , except as set forth in this section or as required by applicable law , the company is not responsible for repairing or replacing your gifts , or providing you with any credit or refund or any other sum , in the event of : ( i ) the company 's change , suspension or termination of any gifts ; or ( ii ) for loss or damage due to service error , or any other reason .",LexGLUE_UnfairToS
Limitation of Liability,the company reserves the right to terminate gifts for cause immediately at its sole discretion without advance notice or liability .,LexGLUE_UnfairToS
Contract Termination,"the company 's intellectual property policy is to ( i ) remove or disable access to material that the company believes in good faith , upon notice from an intellectual property owner or his or her agent , is infringing the intellectual property of a third party by being made available through the service ; and ( ii ) remove any user content uploaded to the service by `` repeat infringers . ''",LexGLUE_UnfairToS
Unilateral Change,"the company has discretion , however , to terminate the account of any user after receipt of a single notification of claimed infringement or upon the company 's own determination .",LexGLUE_UnfairToS
Unilateral Change,accounts of users may be terminated immediately in the event of any unauthorized posting of pre-release sr samples .,LexGLUE_UnfairToS
Exclusion of Liability,"the company ( and its respective corporate parents , subsidiaries , affiliates , predecessors in interest , successors , permitted assigns ) , you and any other parties on whose behalf you are accessing the service agree to arbitration ( except for matters that may be taken to small claims court ) , as the exclusive form of dispute resolution except as provided for below , for all disputes and claims arising out of or relating to this eula or the service .",LexGLUE_UnfairToS
Limitation of Liability,"the company parties will not be subject to liability for the truth , accuracy or completeness of any content on the service or any other information conveyed to any user , or for errors , mistakes or omissions therein , or for any delays or interruptions of the data , or information stream from whatever cause .",LexGLUE_UnfairToS
Limitation of Liability,"in no event will any company party be liable for any special , indirect , punitive , incidental or consequential damages , lost profits , or damages resulting from lost data or business interruption resulting from , or in connection with , the use or inability to use the service and any content thereon , whether based on warranty , contract , tort ( including negligence ) , or any other legal theory , even if such company party has been advised of the possibility of such damages .",LexGLUE_UnfairToS
Limitation of Liability,"the company 's liability , and the liability of any other company parties , to you or any third parties in any circumstance is limited to the greater of the fees you have paid us for any gifts and u.s. $ 100 .",LexGLUE_UnfairToS
Limitation of Liability,"the company reserves the right , in its sole discretion , to restrict , suspend , or terminate this eula and your access to all or any part of the service at any time without prior notice or liability if you breach any provision of this eula or violate the rights of any third party copyright owner of musical works or sound recordings .",LexGLUE_UnfairToS
Unilateral Change,the company may further terminate this eula for any other reason upon ten ( 10 ) days ' notice to you using the email address associated with your account credentials .,LexGLUE_UnfairToS
Limitation of Liability,"the company reserves the right to change , suspend , or discontinue all or any part of the service at any time without prior notice or liability .",LexGLUE_UnfairToS
Arbitration,this eula is governed by the internal substantive laws of the state of california without respect to its conflict of laws provisions .,LexGLUE_UnfairToS
Unilateral Termination,"you expressly agree to submit to the exclusive personal jurisdiction of the state and federal courts sitting in san francisco county , california .",LexGLUE_UnfairToS
Choice of Law / Jurisdiction,"by signing up or otherwise using the spotify service , websites , and software applications ( together , the `` spotify service '' or `` service '' ) , or accessing any content or material that is made available by spotify through the service ( the `` content '' ) you are entering into a binding contract with the spotify entity indicated at the bottom of this document .",LexGLUE_UnfairToS
Content Removal,"occasionally we may , in our discretion , make changes to the agreements .",LexGLUE_UnfairToS
Choice of Law / Jurisdiction,"in some cases , we will notify you in advance , and your continued use of the service after the changes have been made will constitute your acceptance of the changes .",LexGLUE_UnfairToS
Limitation of Liability,"spotify reserves the right , in its absolute discretion , to determine your eligibility for a trial , and , subject to applicable laws , to withdraw or to modify a trial at any time without prior notice and with no liability , to the greatest extent permitted under the law .",LexGLUE_UnfairToS
Contract Termination,"in all cases , spotify reserves the right to remove or disable access to any user content for any or no reason , including but not limited to , user content that , in spotify 's sole discretion , violates the agreements .",LexGLUE_UnfairToS
Unilateral Change,you acknowledge and agree that posting any such user content may result in immediate termination or suspension of your spotify account .,LexGLUE_UnfairToS
Contract Termination,you also agree that spotify may also reclaim your username for any reason .,LexGLUE_UnfairToS
Limitation of Liability,"to the extent permissible under applicable law , spotify reserves the right , periodically and at any time , to modify or discontinue , temporarily or permanently , functions and features of the spotify service , with or without notice , all without liability to you , except where prohibited by law , for any interruption , modification , or discontinuation of the spotify service or any function or feature thereof .",LexGLUE_UnfairToS
Contract Termination,"spotify and/or the owners of any content may , from time to time , remove any such content without notice to the extent permitted by applicable law .",LexGLUE_UnfairToS
Contract Termination,you also acknowledge and agree that spotify may remove or reclaim your username at any time if spotify in its absolute discretion considers such action appropriate .,LexGLUE_UnfairToS
Content Removal,"spotify may change the price for the paid subscriptions , pre-paid period ( for periods not yet paid for ) , or codes from time to time , and will communicate any price changes to you in advance and , if applicable , how to accept those changes .",LexGLUE_UnfairToS
Unilateral Change,"spotify may terminate the agreements or suspend your access to the spotify service at any time , including in the event of your actual or suspected unauthorised use of the spotify service and/or content , or non-compliance with the agreements .",LexGLUE_UnfairToS
Limitation of Liability,"if you or spotify terminate the agreements , or if spotify suspends your access to the spotify service , you agree that spotify shall have no liability or responsibility to you and spotify will not refund any amounts that you have already paid , to the fullest extent permitted under applicable law .",LexGLUE_UnfairToS
Limitation of Liability,"you agree that , to the extent permitted by applicable law , your sole and exclusive remedy for any problems or dissatisfaction with the spotify service is to uninstall any spotify software and to stop using the spotify service .",LexGLUE_UnfairToS
Limitation of Liability,"to the fullest extent permitted by law , in no event will spotify , its officers , shareholders , employees , agents , directors , subsidiaries , affiliates , successors , assigns , suppliers , or licensors be liable for ( 1 ) any indirect , special , incidental , punitive , exemplary , or consequential damages ; ( 2 ) any loss of use , data , business , or profits ( whether direct or indirect ) , in all cases arising out of the use or inability to use the spotify service , third party applications , or third party application content , regardless of legal theory , without regard to whether spotify has been warned of the possibility of those damages , and even if a remedy fails of its essential purpose ; or ( 3 ) aggregate liability for all claims relating to the spotify service , third party applications , or third party application content more than the amounts paid by you to spotify during the prior twelve months in question , to the extent permissible by applicable law .",LexGLUE_UnfairToS
Arbitration,"unless otherwise required by a mandatory law of a member state of the european union or any other jurisdiction , the agreements ( and any non-contractual disputes/claims arising out of or in connection with them ) are subject to the laws of the state or country listed below , without regard to choice or conflicts of law principles .",LexGLUE_UnfairToS
Unilateral Termination,"further , you and spotify agree to the jurisdiction of the courts listed below to resolve any dispute , claim , or controversy that arises in connection with the agreements ( and any non-contractual disputes/claims arising out of or in connection with them ) .",LexGLUE_UnfairToS
Arbitration,"( in some cases , that jurisdiction will be `` exclusive '' , meaning that no other countries ' courts can preside over the matter ; have jurisdiction ; in other cases , the jurisdiction is `` non-exclusive '' , meaning that other countries ' courts may have jurisdiction as well .",LexGLUE_UnfairToS
Exclusion of Liability,"you and spotify agree that any dispute , claim , or controversy between you and spotify arising in connection with or relating in any way to these agreements or to your relationship with spotify as a user of the service ( whether based in contract , tort , statute , fraud , misrepresentation , or any other legal theory , and whether the claims arise during or after the termination of the agreements ) will be determined by mandatory binding individual arbitration .",LexGLUE_UnfairToS
Choice of Law / Jurisdiction,"by using under armour 's products and services , you are agreeing to all the terms below .",LexGLUE_UnfairToS
Choice of Law / Jurisdiction,"your access and use of the services ( regardless of whether you create an account with us ) , constitutes your agreement to these terms and our privacy policy , which is incorporated into the terms .",LexGLUE_UnfairToS
Content Removal,"with new products , services , and features launching all the time , we need the flexibility to make changes , impose limits , and occasionally suspend or terminate certain offerings .",LexGLUE_UnfairToS
Content Removal,"we may also update our services , which might not work properly if you do n't install the updates .",LexGLUE_UnfairToS
Content Removal,"the services change frequently , and their form and functionality may change without prior notice to you .",LexGLUE_UnfairToS
Limitation of Liability,we may also impose limits on certain services or restrict your access to part or all of the services without notice or liability .,LexGLUE_UnfairToS
Content Removal,"we may also from time to time , as we see fit , develop and provide updates for certain services .",LexGLUE_UnfairToS
Unilateral Change,"we reserve the right to refuse service to anyone , and can monitor , terminate or suspend our services or your account at any time .",LexGLUE_UnfairToS
Content Removal,"we may change , suspend , or discontinue any or all of the services at any time , including the availability of any product , feature , database , or content .",LexGLUE_UnfairToS
Unilateral Change,"we may also deactivate , terminate or suspend your account at any time : ( 1 ) if we , in our sole discretion , determine that you are or have been in violation of these terms or the spirit thereof ( as highlighted in our community guidelines ) , ( 2 ) if we , in our sole discretion , determine that you have created risk or possible legal exposure for under armour or any other athlete , ( 3 ) in response to requests by law enforcement or other government agencies , ( 4 ) upon discontinuance or material modification of any services , or ( 5 ) due to unexpected technical issues or problems .",LexGLUE_UnfairToS
Choice of Law / Jurisdiction,"by using any of the commercial tools , you acknowledge and agree to the terms and any additional terms and conditions applicable to those select services .",LexGLUE_UnfairToS
Contract Termination,we can edit or remove your content from our products and services at any time for any reason .,LexGLUE_UnfairToS
Contract Termination,"we reserve the right to monitor , remove or modify user-generated content for any reason and at any time , including user-generated content that we believe violates these terms , the community guidelines , and/or our policies .",LexGLUE_UnfairToS
Limitation of Liability,under no circumstances will myfitnesspal be responsible for any loss or damage resulting from your reliance on nutritional information .,LexGLUE_UnfairToS
Unilateral Change,"if you violate the community guidelines , we reserve the right to terminate your access to the services .",LexGLUE_UnfairToS
Contract Termination,"if we determine that you are violating the community guidelines or otherwise have breached the terms , we may take actions to address the issue , including , but not limited to , terminating your right to use the services , removing your user-generated content , taking legal action against you ( in which case you agree that we may recover reasonable costs and attorneys ' fees ) or disclosing information to law enforcement authorities .",LexGLUE_UnfairToS
Limitation of Liability,"as such , we are not liable for any damage or loss caused or alleged to be caused by or in connection with the use of or reliance on any such social networking services .",LexGLUE_UnfairToS
Unilateral Change,"if you do not pay the fees or charges due for your use of the premium services , we may make reasonable efforts to notify you and resolve the issue ; however , we reserve the right to disable or terminate your access to the premium services ( and may do so without notice ) .",LexGLUE_UnfairToS
Content Removal,"to the maximum extent permitted by applicable laws , we may change our prices for premium services at any time .",LexGLUE_UnfairToS
Unilateral Change,under armour reserves the right to cancel discounts and coupon promotions at any time .,LexGLUE_UnfairToS
Content Removal,"premium service features and content may change at any time , and we can not guarantee that any specific feature or content will be available for the entire free trial period .",LexGLUE_UnfairToS
Limitation of Liability,"we reserve the right , in our absolute discretion , to modify or terminate any free trial offer , your access to the premium services during the free trial , or any of these terms without notice and with no liability .",LexGLUE_UnfairToS
Limitation of Liability,"except as otherwise set out in these terms , and to the maximum extent permitted by applicable law , we are not responsible or liable , either directly or indirectly , for any injuries or damages that are sustained from your physical activities or your use of , or inability to use , any services or features of the services , including any content or activities that you access or learn about through our services ( e.g. , a third-party activity such as a yoga class ) , even if caused in whole or part by the action , inaction or negligence of under armour or by the action , inaction or negligence of others .",LexGLUE_UnfairToS
Limitation of Liability,"to the maximum extent permitted by applicable law , you also expressly agree that we do not assume responsibility for any third-party activity or any other race , contest , class , athletic activity or event that utilizes or is promoted by or accessed via the services .",LexGLUE_UnfairToS
Content Removal,"as under armour grows and improves , we might have to make changes to these terms or include additional terms that are specific to certain products .",LexGLUE_UnfairToS
Content Removal,"under armour reserves the right to modify these terms by ( i ) posting revised terms on and/or through the services , and/or ( ii ) providing advance notice to you of material changes to the terms , generally via email where practicable , and otherwise through the services ( such as through a notification on the home page of the under armour websites or in our applications ) .",LexGLUE_UnfairToS
Choice of Law / Jurisdiction,your use of the services following that date constitutes your acceptance of the terms and conditions of the terms as modified .,LexGLUE_UnfairToS
Limitation of Liability,"to the maximum extent permitted by applicable law , under no circumstances ( including , without limitation , negligence ) shall under armour , its subsidiaries , partners or any wireless carriers be liable to you or any third party for ( a ) any indirect , incidental , special , reliance , exemplary , punitive , or consequential damages of any kind whatsoever ; ( b ) loss of profits , revenue , data , use , goodwill , or other intangible losses ; ( c ) damages relating to your access to , use of , or inability to access or use the services ; ( d ) damages relating to any conduct or content of any third party or athlete using the services , including without limitation , defamatory , offensive or illegal conduct or content ; and/or ( e ) damages in any manner relating to any third-party content , third-party products or third-party activities accessed via the services .",LexGLUE_UnfairToS
Limitation of Liability,"to the maximum extent permitted by applicable law , this limitation applies to all claims , whether based on warranty , contract , tort , or any other legal theory , whether or not under armour has been informed of the possibility of such damage , and further where a remedy set forth herein is found to have failed its essential purpose .",LexGLUE_UnfairToS
Limitation of Liability,"to the maximum extent permitted by applicable law , the total liability of under armour , for any claim under these terms , including for any implied warranties , is limited to the greater of one thousand dollars ( us $ 1,000.00 ) or the amount you paid us to use the applicable service ( s ) in the past twelve months .",LexGLUE_UnfairToS
Limitation of Liability,"in particular , to the extent permitted by applicable law , we are not liable for any claims arising out of ( a ) your use of the services ( including but not limited to your participation in any activities promoted by or accessed via the services ) , ( b ) the use , disclosure , display , or maintenance of an athlete 's personal data and/or location data , ( c ) any other interactions with us or any other athletes using the services , even if we have been advised of the possibility of such damages , or ( d ) other content , information , services or goods received through or advertised on the services or received through any links provided with the services .",LexGLUE_UnfairToS
Arbitration,"if you are a resident of the united states or any non-european union country : these terms shall be governed by and construed in accordance with the laws of the state of maryland and controlling u.s. federal law as applicable , without regard to its conflict of law principles .",LexGLUE_UnfairToS
Arbitration,"if you are a resident of the european union : these terms shall be governed by and construed in accordance with dutch law , without regard to its conflict of law principles .",LexGLUE_UnfairToS
Arbitration,"if you are a resident of canada : notwithstanding anything to the contrary herein , with respect to any purchase using a visa credit card at under armour 's canada website , these terms shall be governed by and construed in accordance with canadian law , without regard to its conflict of law principles .",LexGLUE_UnfairToS
Exclusion of Liability,"except where prohibited , you and we agree to submit to the personal and exclusive arbitration of disputes relating to your general use of the services under the rules of the american arbitration association .",LexGLUE_UnfairToS
Unilateral Termination,"if this arbitration provision is found to be null and void , then all disputes arising under the terms between us will be subject to the jurisdiction of the state and federal courts located in baltimore , maryland , and you and we hereby submit to the personal jurisdiction and venue of these courts .",LexGLUE_UnfairToS
Choice of Law / Jurisdiction,"you agree to our terms of service ( `` terms '' ) by installing , accessing , or using our apps , services , features , software , or website ( together , `` services '' ) .",LexGLUE_UnfairToS
Exclusion of Liability,"if you are a whatsapp user located in the united states or canada , our terms contain a binding arbitration provision , which states that , except if you opt out and except for certain types of disputes , whatsapp and you agree to resolve all disputes through binding individual arbitration , which means that you waive any right to have those disputes decided by a judge or jury , and that you waive your right to participate in class actions , class arbitrations , or representative actions .",LexGLUE_UnfairToS
Unilateral Change,we may terminate your whatsapp account if you repeatedly infringe the intellectual property rights of others .,LexGLUE_UnfairToS
Limitation of Liability,"the whatsapp parties will not be liable to you for any lost profits or consequential , special , punitive , indirect , or incidental damages relating to , arising out of , or in any way in connection with our terms , us , or our services , even if the whatsapp parties have been advised of the possibility of such damages .",LexGLUE_UnfairToS
Limitation of Liability,"our aggregate liability relating to , arising out of , or in any way in connection with our terms , us , or our services will not exceed the greater of one hundred dollars ( $ 100 ) or the amount you have paid us in the past twelve months .",LexGLUE_UnfairToS
Limitation of Liability,the foregoing disclaimer of certain damages and limitation of liability will apply to the maximum extent permitted by applicable law .,LexGLUE_UnfairToS
Limitation of Liability,"notwithstanding anything to the contrary in our terms , in such cases , the liability of the whatsapp parties will be limited to the fullest extent permitted by applicable law .",LexGLUE_UnfairToS
Exclusion of Liability,"if you are a whatsapp user located in the united states or canada , the `` special arbitration provision for united states or canada users '' section below applies to you .",LexGLUE_UnfairToS
Exclusion of Liability,please also read that section carefully and completely .,LexGLUE_UnfairToS
Unilateral Termination,"if you are not subject to the `` special arbitration provision for united states or canada users '' section below , you agree that you will resolve any claim you have with us relating to , arising out of , or in any way in connection with our terms , us , or our services ( each , a `` dispute , '' and together , `` disputes '' ) exclusively in the united states district court for the northern district of california or a state court located in san mateo county in california , and you agree to submit to the personal jurisdiction of such courts for the purpose of litigating all such disputes .",LexGLUE_UnfairToS
Arbitration,"the laws of the state of california govern our terms , as well as any disputes , whether in court or arbitration , which might arise between whatsapp and you , without regard to conflict of law provisions .",LexGLUE_UnfairToS
Unilateral Change,"we may discontinue some or all of our services , including certain features and the support for certain devices and platforms , at any time .",LexGLUE_UnfairToS
Content Removal,"we may modify , suspend , or terminate your access to or use of our services anytime for any reason , such as if you violate the letter or spirit of our terms or create harm , risk , or possible legal exposure for us , our users , or others .",LexGLUE_UnfairToS
Choice of Law / Jurisdiction,"your continued use of our services confirms your acceptance of our terms , as amended .",LexGLUE_UnfairToS
Choice of Law / Jurisdiction,"whenever you use the services , you agree to be bound by all of the terms and conditions of these terms of service .",LexGLUE_UnfairToS
Content Removal,"we reserve the right , at our discretion , to change , modify , add or remove portions of the terms , community rules , feature terms , and privacy policy at any time by posting the amended terms , community rules , feature terms , or privacy policy on our sites or within the service ( such as through in-game notices ) .",LexGLUE_UnfairToS
Choice of Law / Jurisdiction,if you continue to use the services after the changes are posted you agree to the changes .,LexGLUE_UnfairToS
Choice of Law / Jurisdiction,"however , if you keep using the service after the changes are posted , you are agreeing that the changes apply to your continued use of the services .",LexGLUE_UnfairToS
Content Removal,"the service is evolving and we may require that you accept updates to the service as well as to the terms , community rules , and the zynga privacy policy .",LexGLUE_UnfairToS
Unilateral Change,"zynga reserves the right to stop offering and/or supporting the service or a particular game or part of the service at any time either permanently or temporarily , at which point your license to use the service or any part of it will be automatically terminated or suspended .",LexGLUE_UnfairToS
Limitation of Liability,"if that happens , zynga is not required to provide refunds , benefits or other compensation to players in connection with discontinued elements of the service or for virtual goods previously earned or purchased .",LexGLUE_UnfairToS
Contract Termination,"zynga may , in its sole discretion limit , suspend , terminate , modify , or delete accounts or access to the service or any portion of it and prohibit access to our games and sites , and their content , services and tools , delay or remove hosted content and zynga is under no obligation to compensate you for any such losses or results .",LexGLUE_UnfairToS
Unilateral Change,"if you violate these terms , or any of our other terms that apply to you , we may take action against you , up to and including permanently suspending your account in addition , you may be breaking the law , including violations of zynga 's intellectual property rights .",LexGLUE_UnfairToS
Unilateral Change,"we may delete or terminate accounts that are inactive ( i.e. , not logged into ) for 180 days .",LexGLUE_UnfairToS
Unilateral Change,"any such transfer or attempted transfer is prohibited and void , and we may terminate your account because of it .",LexGLUE_UnfairToS
Contract Termination,"that said , we have the right , in our sole discretion , to edit , refuse to post , or remove any user content .",LexGLUE_UnfairToS
Content Removal,"we may change what you can use to pay from time to time , at our sole discretion .",LexGLUE_UnfairToS
Limitation of Liability,"you acknowledge that zynga is not required to provide a refund for any reason , and that you will not receive money or other compensation for unused virtual items when an account is closed , whether such closure was voluntary or involuntary , or whether you made a payment through zynga.com or another platform such as apple , google , facebook , or any other sites or platforms where we offer our services .",LexGLUE_UnfairToS
Content Removal,zynga may revise the pricing for the goods and services it licenses to you through the service at any time .,LexGLUE_UnfairToS
Limitation of Liability,"we are not liable for any claim relating to any content , goods and/or services of third parties .",LexGLUE_UnfairToS
Unilateral Change,we reserve the right to terminate any player 's access to the service if we determine that the player is a `` repeat infringer . '',LexGLUE_UnfairToS
Limitation of Liability,"you acknowledge that zynga and the zynga affiliates are not liable ( 1 ) for any indirect , incidental , special , exemplary or consequential damages , including for loss of profits , goodwill or data , in any way whatsoever arising out of the use of , or inability to use , the service ; or ( 2 ) for the conduct of third parties , including other users of the service and operators of external sites .",LexGLUE_UnfairToS
Limitation of Liability,"to the fullest extent allowed by any law that applies , the disclaimers of liability in these terms apply to all damages or injury caused by the service , or related to use of , or inability to use , the service , under any cause of action in any jurisdiction , including , without limitation , actions for breach of warranty , breach of contract or tort ( including negligence ) .",LexGLUE_UnfairToS
Limitation of Liability,"to the maximum extent permissible under applicable laws , the total liability of zynga and/or the zynga affiliates is limited to the total amount you have paid zynga and/or the zynga affiliate in the one hundred and eighty days ( 180 ) days immediately preceding the date on which you first assert any such claim .",LexGLUE_UnfairToS
Exclusion of Liability,"if we ca n't resolve our dispute through customer service , you and zynga or any member of the zynga corporate family all agree to resolve any claims relating to the terms , the privacy policy , feature terms or zynga 's services through final and binding arbitration .",LexGLUE_UnfairToS
Arbitration,"apart from that , if you are united states resident , these terms and our relationship will be governed by california law , except for its conflicts of laws principles .",LexGLUE_UnfairToS
Arbitration,"if you reside outside the united states these terms and our relationship will be governed by irish law , except for its conflicts of laws principles .",LexGLUE_UnfairToS
Unilateral Termination,"if you are a united states resident , judicial proceedings ( other than small claims actions ) that are excluded from the arbitration agreement in section 17 must be brought in state or federal court in san francisco , california , unless we both agree to some other location you and zynga both consent to venue and personal jurisdiction in san francisco , california .",LexGLUE_UnfairToS
Unilateral Termination,"if you reside outside the united states , judicial proceedings must be brought in the courts of ireland , unless we both agree to some other location , and you and zynga both consent to venue and personal jurisdiction in ireland .",LexGLUE_UnfairToS
Choice of Law / Jurisdiction,"by using our services , you are agreeing to these terms , our trainer guidelines , and our privacy policy .",LexGLUE_UnfairToS
Content Removal,"if we do so , we 'll let you know either by posting the modified terms on the site or app or through other communications .",LexGLUE_UnfairToS
Choice of Law / Jurisdiction,"it 's important that you review the terms whenever we modify them , because if you continue to use the services after we have posted modified terms on the site or app , or otherwise communicate them to you , you are indicating to us that you agree to be bound by the modified terms .",LexGLUE_UnfairToS
Unilateral Change,"because our services evolve over time , we may change or discontinue all or any part of the services at any time and without notice .",LexGLUE_UnfairToS
Exclusion of Liability,"arbitration notice : except if you opt out and except for certain types of disputes described in the `` agreement to arbitrate '' section below , you agree that disputes between you and niantic will be resolved by binding , individual arbitration , and you are waiving your right to a trial by jury or to participate as a plaintiff or class member in any purported class action or representative proceeding .",LexGLUE_UnfairToS
Unilateral Change,"if you do n't , we might have to suspend or terminate your account .",LexGLUE_UnfairToS
Limitation of Liability,"to the extent permitted by applicable law , niantic , the pokémon company ( `` tpc '' ) , and tpci disclaim all liability related to any property damage , personal injury , or death that may occur during your use of our services , including any claims based on the violation of any applicable law , rule , or regulation or your alleged negligence or other tort liability .",LexGLUE_UnfairToS
Contract Termination,"niantic may reject any submissions in which niantic believes , in its sole discretion , that the user content is inappropriate or violates the trainer guidelines or these terms .",LexGLUE_UnfairToS
Contract Termination,niantic further reserves the right to remove any user content from the services at any time and without notice and for any reason .,LexGLUE_UnfairToS
Unilateral Change,"any such sale , transfer , or exchange ( or attempt to do so ) is prohibited and may result in the termination of your account .",LexGLUE_UnfairToS
Content Removal,pricing and availability of virtual money and virtual goods are subject to change without notice .,LexGLUE_UnfairToS
Content Removal,we reserve the right at any time to change and update our pricing and inventory of virtual money and virtual goods .,LexGLUE_UnfairToS
Contract Termination,"we reserve the right to control , regulate , change , or remove any virtual money or virtual goods without any liability to you .",LexGLUE_UnfairToS
Contract Termination,"we may cancel , suspend , or terminate your account and your access to your trading items , virtual money , virtual goods , the content , or the services , in our sole discretion and without prior notice , including if ( a ) your account is inactive ( i.e. , not used or logged into ) for one year ; ( b ) you fail to comply with these terms ; ( c ) we suspect fraud or misuse by you of trading items , virtual money , virtual goods , or other content ; ( d ) we suspect any other unlawful activity associated with your account ; or ( e ) we are acting to protect the services , our systems , the app , any of our users , or the reputation of niantic , tpc , or tpci .",LexGLUE_UnfairToS
Limitation of Liability,"we have no obligation or responsibility to , and will not reimburse or refund , you for any trading items , virtual money , or virtual goods lost due to such cancellation , suspension , or termination .",LexGLUE_UnfairToS
Limitation of Liability,"you acknowledge that niantic is not required to provide a refund for any reason , and that you will not receive money or other compensation for unused virtual money and virtual goods when your account is closed , whether such closure was voluntary or involuntary .",LexGLUE_UnfairToS
Contract Termination,"we have the right to offer , modify , eliminate , and/or terminate trading items , virtual money , virtual goods , the content , and/or the services , or any portion thereof , at any time , without notice or liability to you .",LexGLUE_UnfairToS
Contract Termination,"we reserve the right , but are not obligated , to remove or disable access to any content , at any time and without notice , including but not limited to , if we , at our sole discretion , consider any content to be objectionable or in violation of these terms .",LexGLUE_UnfairToS
Unilateral Change,it is niantic 's policy to terminate in appropriate circumstances account holders who repeatedly infringe or are believed to be repeatedly infringing the rights of copyright holders .,LexGLUE_UnfairToS
Unilateral Change,"we may terminate your access to and use of the services , at our sole discretion , at any time and without notice to you .",LexGLUE_UnfairToS
Limitation of Liability,"to the extent permitted by applicable law , neither niantic nor tpc or tpci or any other party involved in creating , producing , or delivering the services or content will be liable to you for any indirect , incidental , special , punitive , exemplary , or consequential damages , including lost profits , loss of data , or goodwill , service interruption , computer damage , or system failure or the cost of substitute services , arising out of or in connection with these terms , or from the use of or inability to use the services or content , or from any communications , interactions , or meetings with other users of the services or persons with whom you communicate or interact as a result of your use of the services , whether based on warranty , contract , tort ( including negligence ) , product liability , or any other legal theory , and whether or not niantic , tpc , or tpci have been advised of the possibility of such damages , even if a limited remedy set forth herein is found to have failed of its essential purpose .",LexGLUE_UnfairToS
Limitation of Liability,"in no event will the total liability of niantic , tpc , or tpci arising out of or in connection with these terms or from the use of or inability to use the services or content exceed one thousand dollars ( $ 1,000 ) .",LexGLUE_UnfairToS
Arbitration,these terms and any action related thereto will be governed by the laws of the state of california without regard to its conflict of laws provisions .,LexGLUE_UnfairToS
Exclusion of Liability,"you and niantic agree that any dispute , claim , or controversy arising out of or relating to these terms or the breach , termination , enforcement , interpretation , or validity thereof or the use of the services or content ( collectively , `` disputes '' ) will be settled by binding arbitration , except that each party retains the right : ( a ) to bring an individual action in small claims court and ( b ) to seek injunctive or other equitable relief in a court of competent jurisdiction to prevent the actual or threatened infringement , misappropriation , or violation of a party 's copyrights , trademarks , trade secrets , patents , or other intellectual property rights ( the action described in this clause ( b ) , an `` ip protection action '' ) .",LexGLUE_UnfairToS
Unilateral Termination,"the exclusive jurisdiction and venue of any ip protection action or , if you timely provide niantic with an arbitration opt-out notice , will be the state and federal courts located in the northern district of california , and each of the parties hereto waives any objection to jurisdiction and venue in such courts .",LexGLUE_UnfairToS
Choice of Law / Jurisdiction,"by using our services , you agree to be bound by these terms .",LexGLUE_UnfairToS
Exclusion of Liability,"if you are a masquerade user located in the united states or canada , our terms contain a binding arbitration provision , which states that , except if you opt out and except for certain types of disputes , masquerade and you agree to resolve all disputes through binding individual arbitration , which means that you waive your right to participate in class actions , class arbitrations , or representative actions .",LexGLUE_UnfairToS
Content Removal,"masquerade reserves the right to change , suspend , remove , discontinue , impose limits on , or disable access to the services or any portions thereof or your use thereof .",LexGLUE_UnfairToS
Contract Termination,"masquerade may remove any content from the services at our discretion , including if we believe it violates our terms and policies .",LexGLUE_UnfairToS
Unilateral Change,we may terminate your account if you repeatedly infringe the intellectual property rights of others .,LexGLUE_UnfairToS
Limitation of Liability,"the masquerade parties will not be liable for any lost profits or indirect , special , incidental , consequential , exemplary , or punitive damages relating to , arising out of , or in any way in connection with these terms and policies , us , our services , or any content even if the masquerade parties have been advised of the possibility of such damages .",LexGLUE_UnfairToS
Limitation of Liability,"our aggregate liability relating to , arising out of , or in any way in connection with masquerade 's terms and policies , us , our services , or any content will not exceed the greater of one hundred dollars ( $ 100 ) or the amount you have paid masquerade in the past twelve months .",LexGLUE_UnfairToS
Limitation of Liability,"notwithstanding anything to the contrary in our terms , in such cases , the liability of the masquerade parties will be limited to the fullest extent permitted by applicable law .",LexGLUE_UnfairToS
Choice of Law / Jurisdiction,"your continued use of our services following such amendment confirms your acceptance of our terms , as amended .",LexGLUE_UnfairToS
Unilateral Change,"we may suspend , or terminate your access to or use of our services anytime for any reason , such as if you violate the letter or spirit of our terms and polices , or create harm , risk , or possible legal exposure for us , our users , or others .",LexGLUE_UnfairToS
Unilateral Termination,"if you are not subject to that provision , you agree that you will resolve any claim you have with us relating to , arising out of , or in any way in connection with our terms and policies , us , or our services ( each , a `` dispute '' and together , `` disputes '' ) exclusively in the united states district court for the northern district of california or a state court located in santa clara county in california , and you agree to submit to the personal jurisdiction of such courts for the purpose of litigating all such disputes .",LexGLUE_UnfairToS
Arbitration,"the law of the state of california govern our terms and policies , as well as any disputes , whether in court or arbitration , which might arise between masquerade and you , without regard to conflict of law provisions .",LexGLUE_UnfairToS
Exclusion of Liability,"if you are a masquerade user located in the united states or canada , it requires you to submit to binding individual arbitration of all disputes , except for those that involve excluded disputes and except those that can be brought in small claims court .",LexGLUE_UnfairToS
Exclusion of Liability,"masquerade and you agree that all disputes ( except for the excluded disputes ) , including those relating to , arising out of , or in any way in connection with your rights of privacy and publicity , will be resolved through final and binding arbitration .",LexGLUE_UnfairToS
Choice of Law / Jurisdiction,"by downloading , accessing or otherwise using the skyscanner services and/or skyscanner platforms , you are confirming that you have read , understood and agreed to these terms and those of the privacy policy .",LexGLUE_UnfairToS
Content Removal,we may amend these terms at any time at our discretion .,LexGLUE_UnfairToS
Choice of Law / Jurisdiction,"if these terms are amended , we shall display the revised terms and conditions on or via the skyscanner services and/or skyscanner platforms and you will be deemed to have accepted any amendments if you continue using the skyscanner services and/or skyscanner platforms after the amendments are displayed .",LexGLUE_UnfairToS
Contract Termination,"c ) we are under no obligation to store , retain , publish or make available any user content uploaded by you and that you shall be responsible for creating backups of any such user content if necessary .",LexGLUE_UnfairToS
Unilateral Change,"you acknowledge that breaching travel provider terms could result in the cancellation of tickets or reservations , revocation of frequent flier miles and other benefits , and additional charges .",LexGLUE_UnfairToS
Limitation of Liability,"skyscanner has no responsibility whatsoever for any arrangements you make with any third party as a result of your use of the skyscanner services and/or skyscanner platforms ( including , without limitation , any travel provider ) .",LexGLUE_UnfairToS
Limitation of Liability,we have no control over the contents of those sites or resources and accept no responsibility for them or for any loss or damage that may arise from your use of them .,LexGLUE_UnfairToS
Limitation of Liability,"each individual advertiser is solely responsible for the content of its advertising material and skyscanner accepts no responsibility for the content of advertising material , including , without limitation , any error , omission or inaccuracy therein .",LexGLUE_UnfairToS
Limitation of Liability,"to the maximum extent permitted by law , we ( together with our officers , directors , employees , representatives , affiliates , providers and third parties ) do not accept any liability for ( a ) any inaccuracies or omissions in the content displayed on or via the skyscanner services and/or skyscanner platforms ; or ( b ) any act of god , accident , delay or any special , exemplary , punitive , indirect , incidental or consequential loss or damage of any kind ( including , without limitation , lost profits or lost savings ) , whether based in contract , tort ( including negligence ) , strict liability or otherwise , incurred by you arising out of or in connection with your access to , use of , or inability to access or use , the skyscanner services and/or skyscanner platforms or any content contained provided therein .",LexGLUE_UnfairToS
Limitation of Liability,"subject to these terms and to the extent permitted by law , our maximum aggregate liability to you arising out of or in connection with these terms or your access to , use of , or inability to access or use , the skyscanner services and/or skyscanner platforms shall be limited to the sum of # 100 ( one hundred pounds sterling ) .",LexGLUE_UnfairToS
Unilateral Change,"skyscanner may in its absolute discretion immediately terminate any agreement with you under these terms at any time upon notice to you and/or , if you have a log-in account , by cancelling your membership and your access to your account .",LexGLUE_UnfairToS
Unilateral Change,"skyscanner may suspend your use of the skyscanner services and/or skyscanner platforms without notice at any time , without incurring any liability to you whatsoever .",LexGLUE_UnfairToS
Arbitration,"irrespective of the country from which you access or use the skyscanner services and/or skyscanner platforms , to the extent permitted by law these terms and your use of the skyscanner services and/or skyscanner platforms shall be governed in accordance with the laws of england and wales and you are deemed to have submitted to the non-exclusive jurisdiction of the courts of england and wales to resolve any disputes which may arise hereunder .",LexGLUE_UnfairToS
